帧号,标记ID,X坐标原始(mm),Y坐标原始(mm),X坐标滤波(mm),Y坐标滤波(mm),时间戳(秒)
1,0,-28.25,-3.16,-28.25,-3.16,0.000255
2,0,-28.27,-3.05,-28.27,-3.05,0.001177
3,0,-28.27,-3.05,-28.27,-3.05,0.001435
4,0,-28.35,-2.95,-28.31,-2.99,0.001617
5,0,-28.35,-2.95,-28.34,-2.96,0.001805
6,0,-28.27,-2.95,-28.31,-2.94,0.001975
7,0,-28.25,-3.16,-28.29,-3.03,0.002252
8,0,-28.25,-3.16,-28.27,-3.09,0.002494
9,0,-28.27,-3.05,-28.27,-3.09,0.002675
10,0,-28.47,-2.95,-28.34,-3.04,0.002886
11,0,-28.47,-2.95,-28.39,-3.01,0.003142
12,0,-28.25,-3.05,-28.35,-3.02,0.003337
13,0,-28.27,-3.05,-28.33,-3.03,0.003528
14,0,-28.25,-3.16,-28.31,-3.07,0.003699
15,0,-28.25,-3.16,-28.30,-3.10,0.003850
16,0,-28.49,-2.95,-28.35,-3.07,0.004004
17,0,-28.47,-2.95,-28.38,-3.04,0.004202
18,0,-28.47,-2.95,-28.40,-3.02,0.004361
19,0,-28.27,-3.05,-28.38,-3.03,0.004500
20,0,-28.25,-3.16,-28.36,-3.05,0.004637
21,0,-28.47,-3.06,-28.39,-3.06,0.004817
22,0,-28.47,-2.95,-28.41,-3.04,0.004969
23,0,-28.67,-2.86,-28.46,-3.01,0.005105
24,0,-28.67,-2.86,-28.50,-2.98,0.005245
25,0,-28.47,-2.95,-28.51,-2.98,0.005408
26,0,-28.27,-3.05,-28.48,-2.98,0.005592
27,0,-28.27,-3.05,-28.46,-2.99,0.005751
28,0,-28.47,-3.16,-28.47,-3.01,0.005922
29,0,-28.45,-3.06,-28.47,-3.02,0.006114
30,0,-28.67,-2.86,-28.50,-3.00,0.006303
31,0,-28.67,-2.86,-28.53,-2.98,0.006488
32,0,-28.27,-3.05,-28.51,-2.99,0.006669
33,0,-28.25,-3.16,-28.48,-3.00,0.006845
34,0,-28.27,-3.05,-28.47,-3.01,0.007001
35,0,-28.47,-3.04,-28.47,-3.01,0.007153
36,0,-28.57,-2.95,-28.49,-3.00,0.007281
37,0,-28.47,-2.85,-28.49,-2.99,0.007409
38,0,-28.47,-2.85,-28.49,-2.97,0.007545
39,0,-28.25,-3.05,-28.47,-2.98,0.007672
40,0,-28.25,-3.05,-28.46,-2.98,0.007793
41,0,-28.25,-3.14,-28.44,-3.00,0.007915
42,0,-28.47,-3.04,-28.44,-3.00,0.008035
43,0,-28.57,-2.95,-28.46,-2.99,0.008155
44,0,-28.57,-2.95,-28.47,-2.99,0.008274
45,0,-28.47,-2.95,-28.48,-2.98,0.008452
46,0,-28.25,-3.05,-28.46,-2.99,0.008632
47,0,-28.25,-3.14,-28.44,-3.00,0.008772
48,0,-28.65,-3.16,-28.46,-3.01,0.019115
49,0,-29.46,-3.75,-28.55,-3.07,0.029630
50,0,-29.67,-3.55,-28.64,-3.11,0.029849
51,0,-29.67,-3.55,-28.73,-3.15,0.040168
52,0,-29.66,-3.67,-28.81,-3.19,0.051024
53,0,-29.59,-3.64,-28.88,-3.23,0.061726
54,0,-29.59,-3.64,-28.95,-3.26,0.083061
55,0,-29.66,-3.75,-29.01,-3.31,0.083345
56,0,-29.67,-3.55,-29.07,-3.33,0.094081
57,0,-29.67,-3.55,-29.13,-3.35,0.105093
58,0,-29.67,-3.55,-29.19,-3.37,0.126288
59,0,-29.66,-3.67,-29.24,-3.40,0.136824
60,0,-29.56,-3.75,-29.28,-3.43,0.147420
61,0,-29.79,-3.75,-29.33,-3.46,0.157885
62,0,-29.89,-3.67,-29.39,-3.49,0.168353
63,0,-29.67,-3.55,-29.43,-3.50,0.178918
64,0,-29.67,-3.55,-29.47,-3.51,0.190002
65,0,-29.66,-3.67,-29.50,-3.53,0.211072
66,0,-29.66,-3.67,-29.53,-3.55,0.221616
67,0,-29.66,-3.67,-29.57,-3.57,0.232195
68,0,-29.66,-3.67,-29.59,-3.59,0.263642
69,0,-29.67,-3.55,-29.62,-3.60,0.274462
70,0,-29.67,-3.55,-29.65,-3.60,0.285092
71,0,-29.67,-3.55,-29.67,-3.61,0.295716
72,0,-29.56,-3.75,-29.69,-3.63,0.306194
73,0,-30.27,-3.95,-29.75,-3.66,0.327406
74,0,-31.48,-3.65,-29.86,-3.67,0.338309
75,0,-33.38,-2.95,-30.08,-3.64,0.348870
76,0,-33.91,-2.85,-30.31,-3.61,0.359805
77,0,-34.52,-3.16,-30.56,-3.60,0.370331
78,0,-35.07,-3.44,-30.82,-3.60,0.391405
79,0,-35.27,-3.63,-31.09,-3.61,0.401910
80,0,-35.37,-3.63,-31.35,-3.62,0.423026
81,0,-35.47,-3.65,-31.60,-3.63,0.433449
82,0,-35.78,-3.63,-31.86,-3.64,0.454085
83,0,-35.93,-3.83,-32.11,-3.66,0.464741
84,0,-36.03,-3.97,-32.36,-3.68,0.475680
85,0,-36.39,-4.15,-32.61,-3.71,0.486132
86,0,-36.79,-4.15,-32.87,-3.74,0.496676
87,0,-36.94,-4.25,-33.13,-3.78,0.507145
88,0,-37.34,-4.25,-33.39,-3.81,0.517595
89,0,-38.21,-4.03,-33.68,-3.83,0.528492
90,0,-38.62,-4.03,-33.98,-3.85,0.539081
91,0,-39.13,-3.95,-34.29,-3.87,0.549966
92,0,-39.47,-3.95,-34.60,-3.88,0.560505
93,0,-40.27,-4.03,-34.93,-3.90,0.571110
94,0,-41.39,-3.35,-35.30,-3.89,0.582048
95,0,-41.99,-3.15,-35.68,-3.87,0.592620
96,0,-42.50,-3.04,-36.07,-3.84,0.623642
97,0,-43.09,-3.15,-36.46,-3.83,0.634358
98,0,-43.21,-3.55,-36.85,-3.82,0.644895
99,0,-44.00,-3.55,-37.25,-3.82,0.655602
100,0,-44.42,-3.55,-37.66,-3.82,0.666142
101,0,-45.23,-3.55,-38.08,-3.82,0.676702
102,0,-46.13,-3.55,-38.53,-3.82,0.687295
103,0,-46.44,-3.55,-38.97,-3.82,0.697813
104,0,-46.85,-3.55,-39.41,-3.82,0.718899
105,0,-47.35,-3.55,-39.85,-3.81,0.729545
106,0,-47.76,-3.73,-40.29,-3.82,0.740415
107,0,-48.06,-3.73,-40.73,-3.83,0.750984
108,0,-48.26,-3.65,-41.17,-3.83,0.761481
109,0,-48.56,-3.55,-41.60,-3.83,0.772147
110,0,-48.87,-3.55,-42.02,-3.82,0.783066
111,0,-49.07,-3.75,-42.44,-3.83,0.803728
112,0,-49.58,-3.75,-42.86,-3.83,0.814251
113,0,-49.99,-3.75,-43.29,-3.84,0.824798
114,0,-50.39,-3.83,-43.71,-3.85,0.835403
115,0,-50.88,-4.03,-44.14,-3.86,0.845940
116,0,-51.39,-4.13,-44.57,-3.88,0.856324
117,0,-52.20,-4.35,-45.02,-3.90,0.866909
118,0,-52.70,-4.45,-45.47,-3.93,0.877399
119,0,-53.51,-4.45,-45.93,-3.96,0.888402
120,0,-54.22,-4.35,-46.40,-3.98,0.899007
121,0,-55.03,-4.35,-46.88,-4.00,0.920093
122,0,-55.40,-4.43,-47.36,-4.02,0.931092
123,0,-56.24,-4.35,-47.86,-4.04,0.952180
124,0,-56.84,-4.63,-48.36,-4.07,0.962669
125,0,-57.55,-4.63,-48.86,-4.10,0.983674
126,0,-58.41,-4.45,-49.38,-4.12,0.994185
127,0,-58.76,-4.63,-49.90,-4.15,1.004711
128,0,-59.02,-4.83,-50.40,-4.18,1.015285
129,0,-59.88,-4.83,-50.93,-4.21,1.026301
130,0,-60.13,-4.83,-51.44,-4.24,1.037294
131,0,-61.09,-4.65,-51.97,-4.26,1.047867
132,0,-61.50,-4.83,-52.49,-4.29,1.058531
133,0,-62.21,-4.73,-53.02,-4.31,1.069153
134,0,-62.81,-4.65,-53.56,-4.34,1.090226
135,0,-62.95,-4.63,-54.09,-4.36,1.100766
136,0,-63.35,-4.73,-54.61,-4.38,1.121693
137,0,-63.75,-4.83,-55.13,-4.40,1.132226
138,0,-64.25,-4.75,-55.65,-4.43,1.153308
139,0,-65.13,-4.83,-56.18,-4.45,1.163763
140,0,-65.56,-4.75,-56.71,-4.47,1.184917
141,0,-66.45,-4.53,-57.25,-4.48,1.195378
142,0,-66.85,-4.43,-57.79,-4.50,1.216446
143,0,-67.45,-4.71,-58.33,-4.51,1.226938
144,0,-67.96,-4.51,-58.87,-4.53,1.237453
145,0,-68.58,-4.33,-59.42,-4.53,1.247955
146,0,-69.39,-4.33,-59.97,-4.54,1.258450
147,0,-70.19,-4.23,-60.53,-4.54,1.289952
148,0,-70.60,-4.23,-61.09,-4.55,1.300491
149,0,-71.40,-4.23,-61.65,-4.55,1.311022
150,0,-72.21,-4.13,-62.23,-4.55,1.321609
151,0,-72.91,-4.05,-62.81,-4.55,1.353518
152,0,-73.51,-4.03,-63.38,-4.55,1.364070
153,0,-74.52,-3.83,-63.98,-4.54,1.374536
154,0,-75.43,-3.83,-64.58,-4.53,1.385107
155,0,-76.23,-3.83,-65.19,-4.52,1.395491
156,0,-77.04,-3.83,-65.80,-4.52,1.416268
157,0,-77.84,-3.92,-66.42,-4.51,1.430534
158,0,-78.35,-3.83,-67.04,-4.51,1.441388
159,0,-79.28,-3.83,-67.66,-4.50,1.452143
160,0,-79.41,-3.93,-68.28,-4.50,1.462679
161,0,-80.22,-3.83,-68.90,-4.49,1.473118
162,0,-81.26,-3.72,-69.54,-4.48,1.494329
163,0,-81.97,-3.53,-70.17,-4.47,1.505235
164,0,-82.47,-3.72,-70.81,-4.46,1.526451
165,0,-83.18,-3.43,-71.45,-4.44,1.537357
166,0,-83.78,-3.24,-72.08,-4.42,1.548355
167,0,-84.13,-3.15,-72.71,-4.40,1.569359
168,0,-84.73,-3.24,-73.35,-4.38,1.590408
169,0,-85.79,-3.14,-73.99,-4.36,1.601465
170,0,-86.03,-3.24,-74.63,-4.34,1.622517
171,0,-86.74,-3.14,-75.26,-4.32,1.633032
172,0,-87.34,-3.04,-75.90,-4.29,1.643572
173,0,-88.41,-2.94,-76.55,-4.27,1.654089
174,0,-88.81,-2.82,-77.20,-4.24,1.664691
175,0,-89.42,-2.92,-77.84,-4.22,1.696439
176,0,-89.82,-2.92,-78.48,-4.19,1.707272
177,0,-90.22,-2.92,-79.12,-4.17,1.717713
178,0,-90.34,-2.92,-79.74,-4.15,1.728275
179,0,-90.74,-2.92,-80.36,-4.13,1.738704
180,0,-91.14,-2.92,-80.98,-4.10,1.760011
181,0,-91.75,-2.84,-81.60,-4.08,1.770960
182,0,-92.45,-2.82,-82.22,-4.06,1.791846
183,0,-93.15,-2.82,-82.84,-4.03,1.802631
184,0,-94.25,-2.74,-83.47,-4.01,1.823823
185,0,-94.55,-2.84,-84.10,-3.99,1.834541
186,0,-95.35,-2.84,-84.74,-3.97,1.845055
187,0,-96.46,-2.73,-85.38,-3.94,1.865811
188,0,-96.76,-2.73,-86.02,-3.92,1.876420
189,0,-97.46,-2.73,-86.66,-3.90,1.897555
190,0,-98.16,-2.73,-87.30,-3.87,1.908374
191,0,-98.66,-2.73,-87.94,-3.85,1.929661
192,0,-99.06,-2.73,-88.58,-3.83,1.940472
193,0,-99.86,-2.54,-89.22,-3.80,1.961376
194,0,-100.36,-2.73,-89.85,-3.78,1.972397
195,0,-100.96,-2.63,-90.49,-3.76,1.982840
196,0,-101.37,-2.63,-91.13,-3.74,2.003887
197,0,-101.54,-2.44,-91.75,-3.71,2.024882
198,0,-102.57,-2.43,-92.39,-3.69,2.035380
199,0,-102.84,-2.33,-93.02,-3.66,2.045800
200,0,-103.87,-2.13,-93.65,-3.63,2.066920
201,0,-104.57,-2.13,-94.29,-3.60,2.087967
202,0,-105.27,-2.13,-94.93,-3.57,2.098509
203,0,-105.53,-2.13,-95.57,-3.54,2.109051
204,0,-106.67,-2.14,-96.21,-3.51,2.130410
205,0,-107.07,-2.14,-96.86,-3.48,2.141106
206,0,-107.58,-2.23,-97.50,-3.45,2.152120
207,0,-107.88,-2.23,-98.13,-3.43,2.162682
208,0,-108.28,-2.33,-98.76,-3.41,2.194297
209,0,-108.02,-2.63,-99.37,-3.39,2.205205
210,0,-108.02,-2.63,-99.97,-3.37,2.215735
211,0,-108.02,-2.63,-100.57,-3.36,2.226314
212,0,-108.02,-2.63,-101.14,-3.34,2.237267
213,0,-108.48,-2.43,-101.72,-3.32,2.247750
214,0,-107.92,-2.43,-102.28,-3.30,2.258581
215,0,-108.02,-2.63,-102.82,-3.29,2.269129
216,0,-108.02,-2.63,-103.36,-3.27,2.279609
217,0,-107.92,-2.53,-103.89,-3.25,2.300266
218,0,-108.52,-2.54,-104.41,-3.24,2.321305
219,0,-109.48,-2.43,-104.95,-3.22,2.331742
220,0,-109.62,-2.43,-105.48,-3.20,2.342282
221,0,-110.12,-2.33,-106.00,-3.18,2.352776
222,0,-110.92,-2.33,-106.54,-3.16,2.384322
223,0,-112.19,-2.12,-107.09,-3.14,2.395150
224,0,-112.52,-2.02,-107.63,-3.12,2.416210
225,0,-113.31,-2.02,-108.18,-3.09,2.426709
226,0,-114.69,-1.92,-108.75,-3.07,2.437335
227,0,-114.91,-2.02,-109.30,-3.04,2.448237
228,0,-116.00,-2.02,-109.87,-3.02,2.458746
229,0,-116.11,-2.23,-110.44,-3.00,2.479830
230,0,-116.71,-2.13,-111.00,-2.98,2.490736
231,0,-117.80,-2.12,-111.57,-2.96,2.501249
232,0,-118.40,-2.02,-112.15,-2.94,2.522466
233,0,-118.60,-1.93,-112.71,-2.92,2.533290
234,0,-119.40,-1.93,-113.29,-2.89,2.554347
235,0,-120.20,-2.02,-113.86,-2.87,2.564824
236,0,-121.71,-1.92,-114.46,-2.85,2.575381
237,0,-122.19,-1.92,-115.05,-2.83,2.586405
238,0,-122.58,-2.13,-115.64,-2.81,2.597391
239,0,-123.79,-2.02,-116.24,-2.79,2.618490
240,0,-124.07,-2.22,-116.84,-2.78,2.629427
241,0,-124.79,-2.32,-117.44,-2.76,2.639962
242,0,-124.79,-2.32,-118.03,-2.75,2.650457
243,0,-124.56,-2.42,-118.61,-2.74,2.661025
244,0,-124.96,-2.32,-119.18,-2.73,2.671494
245,0,-125.36,-2.32,-119.75,-2.71,2.692707
246,0,-125.76,-2.32,-120.32,-2.70,2.703628
247,0,-126.35,-2.23,-120.89,-2.69,2.714336
248,0,-127.38,-2.12,-121.46,-2.67,2.735384
249,0,-127.98,-2.12,-122.04,-2.65,2.756491
250,0,-128.14,-1.92,-122.61,-2.64,2.767378
251,0,-129.14,-1.72,-123.19,-2.61,2.788410
252,0,-130.33,-1.72,-123.78,-2.59,2.799209
253,0,-130.68,-1.63,-124.37,-2.57,2.820289
254,0,-131.92,-1.72,-124.97,-2.55,2.830821
255,0,-132.61,-1.92,-125.57,-2.53,2.851804
256,0,-133.31,-1.92,-126.17,-2.51,2.862809
257,0,-133.81,-2.12,-126.77,-2.50,2.873377
258,0,-134.21,-2.21,-127.37,-2.49,2.894042
259,0,-134.70,-2.42,-127.97,-2.48,2.915496
260,0,-135.40,-2.32,-128.57,-2.47,2.926037
261,0,-136.39,-2.12,-129.18,-2.46,2.936485
262,0,-136.50,-2.03,-129.78,-2.45,2.957524
263,0,-137.29,-2.03,-130.38,-2.43,2.978599
264,0,-137.68,-2.12,-130.98,-2.42,2.989596
265,0,-138.86,-2.22,-131.59,-2.41,3.000495
266,0,-138.79,-2.52,-132.19,-2.40,3.010999
267,0,-139.67,-2.70,-132.80,-2.40,3.021471
268,0,-139.68,-3.01,-133.39,-2.41,3.032010
269,0,-139.78,-3.11,-133.98,-2.41,3.042526
270,0,-140.56,-3.11,-134.57,-2.42,3.073831
271,0,-140.56,-3.11,-135.15,-2.42,3.084389
272,0,-140.56,-3.11,-135.73,-2.43,3.095053
273,0,-140.56,-3.11,-136.29,-2.43,3.116041
274,0,-140.56,-3.19,-136.85,-2.44,3.127282
275,0,-140.56,-3.19,-137.39,-2.44,3.137870
276,0,-140.56,-3.19,-137.93,-2.45,3.148371
277,0,-140.56,-3.19,-138.46,-2.46,3.169451
278,0,-140.56,-3.11,-138.98,-2.46,3.180263
279,0,-140.56,-3.11,-139.49,-2.47,3.191101
280,0,-140.56,-3.11,-139.99,-2.47,3.201938
281,0,-140.56,-3.11,-140.49,-2.48,3.223601
282,0,-140.56,-3.11,-140.98,-2.48,3.234137
283,0,-140.56,-3.11,-141.46,-2.48,3.244672
284,0,-140.56,-3.11,-141.93,-2.49,3.255706
285,0,-140.56,-3.11,-142.39,-2.49,3.266188
286,0,-140.56,-3.11,-142.85,-2.50,3.287288
287,0,-140.56,-3.11,-143.30,-2.50,3.297740
288,0,-139.88,-3.21,-143.73,-2.51,3.308256
289,0,-140.27,-3.21,-144.15,-2.52,3.329281
290,0,-140.17,-3.11,-144.57,-2.52,3.350284
291,0,-139.57,-2.52,-144.98,-2.52,3.360919
292,0,-138.38,-2.12,-145.35,-2.50,3.371490
293,0,-137.59,-1.72,-145.71,-2.49,3.392437
294,0,-137.17,-1.33,-146.06,-2.46,3.402892
295,0,-136.75,-0.93,-146.39,-2.43,3.423953
296,0,-135.18,-0.54,-146.69,-2.40,3.434477
297,0,-134.65,-0.14,-146.97,-2.36,3.455489
298,0,-132.90,0.06,-147.23,-2.31,3.466031
299,0,-131.71,0.45,-147.45,-2.26,3.486895
300,0,-131.07,0.65,-147.67,-2.21,3.497476
301,0,-129.97,0.75,-147.86,-2.15,3.518624
302,0,-128.58,0.95,-148.02,-2.10,3.529594
303,0,-126.75,1.15,-148.15,-2.04,3.540875
304,0,-125.36,1.25,-148.26,-1.98,3.562034
305,0,-124.59,1.35,-148.35,-1.92,3.572906
306,0,-122.68,1.25,-148.40,-1.86,3.583459
307,0,-121.90,1.45,-148.44,-1.80,3.594019
308,0,-121.00,1.45,-148.46,-1.74,3.604438
309,0,-119.90,1.55,-148.47,-1.68,3.625640
310,0,-118.50,1.45,-148.44,-1.62,3.636142
311,0,-118.10,1.65,-148.41,-1.56,3.646653
312,0,-117.11,1.55,-148.36,-1.50,3.667679
313,0,-116.80,1.35,-148.31,-1.44,3.688832
314,0,-115.90,1.75,-148.24,-1.38,3.699325
315,0,-114.79,1.75,-148.14,-1.32,3.720393
316,0,-113.69,1.65,-148.03,-1.26,3.730885
317,0,-112.11,1.65,-147.90,-1.21,3.741453
318,0,-111.11,1.65,-147.74,-1.15,3.762603
319,0,-109.92,1.65,-147.57,-1.09,3.773033
320,0,-109.17,1.45,-147.39,-1.04,3.783675
321,0,-107.71,1.35,-147.18,-0.99,3.794625
322,0,-107.06,1.35,-146.96,-0.94,3.815705
323,0,-106.16,1.15,-146.73,-0.89,3.826764
324,0,-105.45,1.05,-146.48,-0.85,3.837316
325,0,-104.74,0.85,-146.23,-0.81,3.848314
326,0,-103.94,0.85,-145.96,-0.77,3.858857
327,0,-102.60,0.95,-145.67,-0.72,3.869887
328,0,-102.12,1.05,-145.37,-0.68,3.890985
329,0,-101.13,1.25,-145.06,-0.64,3.901531
330,0,-100.34,1.45,-144.74,-0.59,3.912022
331,0,-98.64,1.66,-144.40,-0.54,3.922508
332,0,-97.34,1.55,-144.03,-0.49,3.933056
333,0,-96.23,1.45,-143.65,-0.45,3.943613
334,0,-95.33,1.55,-143.25,-0.40,3.964592
335,0,-94.72,1.56,-142.85,-0.35,3.975176
336,0,-94.13,1.55,-142.44,-0.31,3.995860
337,0,-94.03,1.55,-142.03,-0.26,4.006448
338,0,-93.72,1.45,-141.62,-0.22,4.016959
339,0,-92.62,1.35,-141.19,-0.18,4.037919
340,0,-92.20,1.15,-140.75,-0.14,4.059029
341,0,-91.39,1.15,-140.31,-0.10,4.069570
342,0,-90.59,1.15,-139.86,-0.06,4.090649
343,0,-89.37,1.05,-139.39,-0.03,4.101596
344,0,-88.53,0.85,-138.90,0.00,4.122527
345,0,-87.15,0.95,-138.41,0.04,4.132967
346,0,-86.25,0.95,-137.89,0.07,4.153732
347,0,-84.73,0.85,-137.36,0.10,4.164599
348,0,-83.62,0.75,-136.82,0.13,4.185423
349,0,-82.66,0.75,-136.26,0.16,4.195887
350,0,-81.45,0.75,-135.69,0.18,4.206629
351,0,-80.09,0.65,-135.10,0.21,4.217565
352,0,-79.53,0.86,-134.51,0.24,4.238805
353,0,-78.72,0.65,-133.91,0.26,4.249779
354,0,-77.82,0.65,-133.29,0.29,4.260462
355,0,-77.01,0.65,-132.67,0.31,4.270988
356,0,-75.76,0.66,-132.03,0.34,4.281501
357,0,-75.18,0.66,-131.39,0.36,4.292671
358,0,-73.94,0.46,-130.74,0.38,4.303282
359,0,-73.35,0.46,-130.08,0.40,4.313928
360,0,-72.45,0.46,-129.41,0.42,4.334894
361,0,-71.54,0.66,-128.73,0.44,4.345447
362,0,-70.73,0.76,-128.04,0.47,4.356252
363,0,-69.52,0.66,-127.34,0.49,4.377400
364,0,-68.61,0.66,-126.63,0.51,4.398530
365,0,-67.51,0.86,-125.91,0.54,4.409084
366,0,-66.40,0.75,-125.18,0.56,4.430071
367,0,-65.19,0.75,-124.43,0.58,4.440601
368,0,-63.98,0.86,-123.67,0.60,4.451308
369,0,-62.98,0.96,-122.90,0.63,4.462286
370,0,-61.96,0.86,-122.13,0.65,4.472797
371,0,-60.75,0.86,-121.33,0.67,4.483305
372,0,-59.94,0.86,-120.54,0.70,4.493805
373,0,-58.83,0.96,-119.73,0.72,4.504323
374,0,-58.47,1.16,-118.92,0.75,4.514766
375,0,-57.66,1.16,-118.11,0.77,4.535945
376,0,-56.75,1.26,-117.29,0.80,4.546486
377,0,-55.94,1.26,-116.46,0.82,4.556963
378,0,-55.09,1.36,-115.62,0.85,4.567588
379,0,-54.18,1.26,-114.78,0.88,4.578510
380,0,-53.40,1.66,-113.93,0.91,4.589056
381,0,-52.59,1.76,-113.08,0.94,4.610049
382,0,-51.78,1.87,-112.22,0.98,4.631050
383,0,-50.77,1.86,-111.36,1.01,4.641718
384,0,-49.54,1.97,-110.48,1.04,4.662975
385,0,-48.95,2.06,-109.60,1.08,4.673836
386,0,-48.44,2.16,-108.72,1.11,4.694524
387,0,-48.35,2.66,-107.84,1.16,4.705472
388,0,-47.44,2.87,-106.96,1.20,4.726511
389,0,-46.32,2.56,-106.07,1.24,4.737131
390,0,-45.51,2.26,-105.17,1.28,4.747729
391,0,-44.79,2.27,-104.27,1.32,4.768646
392,0,-44.10,2.17,-103.36,1.35,4.790004
393,0,-43.47,2.16,-102.46,1.38,4.800710
394,0,-42.78,2.27,-101.55,1.42,4.811185
395,0,-42.05,2.17,-100.64,1.45,4.822080
396,0,-40.76,1.96,-99.71,1.48,4.843120
397,0,-39.81,1.76,-98.78,1.50,4.863939
398,0,-38.69,1.56,-97.84,1.53,4.874928
399,0,-37.79,1.57,-96.90,1.55,4.896093
400,0,-36.71,1.46,-95.94,1.57,4.906586
401,0,-35.81,1.66,-94.98,1.59,4.927636
402,0,-35.04,1.77,-94.02,1.62,4.938168
403,0,-34.23,2.17,-93.06,1.65,4.948607
404,0,-33.42,2.46,-92.09,1.68,4.969649
405,0,-32.11,2.37,-91.10,1.71,4.990718
406,0,-30.99,2.17,-90.11,1.74,5.001243
407,0,-30.17,2.07,-89.12,1.77,5.022522
408,0,-29.87,2.28,-88.13,1.80,5.033359
409,0,-29.67,2.27,-87.15,1.82,5.054381
410,0,-29.26,2.27,-86.17,1.85,5.064848
411,0,-29.17,2.37,-85.19,1.88,5.075390
412,0,-28.86,2.38,-84.22,1.91,5.085934
413,0,-28.35,2.16,-83.25,1.94,5.096527
414,0,-27.85,2.18,-82.29,1.96,5.107387
415,0,-27.14,1.97,-81.31,1.99,5.128483
416,0,-26.54,1.86,-80.34,2.01,5.139057
417,0,-25.62,1.67,-79.37,2.02,5.160557
418,0,-24.70,1.36,-78.39,2.04,5.171014
419,0,-24.19,1.46,-77.41,2.05,5.192017
420,0,-23.38,1.46,-76.43,2.06,5.202649
421,0,-22.57,1.36,-75.44,2.07,5.224101
422,0,-21.86,1.26,-74.45,2.08,5.235079
423,0,-21.13,1.26,-73.47,2.09,5.256073
424,0,-20.34,1.36,-72.47,2.10,5.256446
425,0,-19.22,1.06,-71.48,2.11,5.267136
426,0,-18.38,1.16,-70.47,2.12,5.277793
427,0,-17.16,1.06,-69.46,2.12,5.288691
428,0,-16.14,0.96,-68.45,2.13,5.309963
429,0,-15.33,0.96,-67.43,2.13,5.330840
430,0,-14.55,0.96,-66.41,2.14,5.341833
431,0,-13.33,0.86,-65.38,2.14,5.352348
432,0,-12.88,1.07,-64.35,2.14,5.373322
433,0,-12.12,1.27,-63.32,2.15,5.394339
434,0,-11.21,1.46,-62.29,2.16,5.404856
435,0,-10.24,1.46,-61.25,2.17,5.415367
436,0,-9.22,1.67,-60.21,2.18,5.425905
437,0,-8.20,1.87,-59.17,2.20,5.436787
438,0,-7.05,2.18,-58.11,2.22,5.447421
439,0,-5.93,2.47,-57.05,2.24,5.468460
440,0,-4.74,2.57,-55.98,2.27,5.478960
441,0,-3.50,2.78,-54.91,2.30,5.499977
442,0,-2.39,2.87,-53.83,2.33,5.510712
443,0,-1.37,2.98,-52.74,2.36,5.521258
444,0,-0.46,3.39,-51.65,2.39,5.531815
445,0,0.35,3.47,-50.56,2.43,5.542782
446,0,1.26,3.68,-49.47,2.47,5.563922
447,0,1.78,3.79,-48.38,2.51,5.574429
448,0,2.39,3.99,-47.29,2.55,5.595464
449,0,2.90,4.09,-46.20,2.59,5.606245
450,0,3.49,4.09,-45.12,2.64,5.627255
451,0,4.10,4.19,-44.04,2.68,5.638781
452,0,4.91,4.29,-42.96,2.73,5.649431
453,0,5.54,4.29,-41.87,2.77,5.670516
454,0,6.66,4.19,-40.79,2.81,5.681165
455,0,7.88,4.09,-39.69,2.85,5.702659
456,0,8.90,3.99,-38.59,2.89,5.713601
457,0,9.77,4.01,-37.49,2.93,5.734976
458,0,10.77,4.39,-36.39,2.98,5.745587
459,0,11.59,4.62,-35.29,3.02,5.756106
460,0,12.76,4.90,-34.18,3.07,5.777428
461,0,13.68,4.90,-33.06,3.12,5.798130
462,0,14.63,4.90,-31.95,3.17,5.809072
463,0,15.64,4.82,-30.83,3.22,5.830085
464,0,16.63,4.92,-29.71,3.27,5.840580
465,0,17.61,5.12,-28.58,3.32,5.861604
466,0,18.66,5.10,-27.45,3.37,5.872168
467,0,19.48,5.32,-26.32,3.42,5.882871
468,0,20.28,5.60,-25.20,3.48,5.893797
469,0,21.20,5.50,-24.06,3.53,5.914844
470,0,22.31,5.50,-22.93,3.59,5.925626
471,0,23.14,5.60,-21.79,3.64,5.947030
472,0,23.75,5.73,-20.66,3.70,5.968276
473,0,24.66,5.81,-19.53,3.75,5.978843
474,0,25.56,5.70,-18.39,3.81,5.999879
475,0,26.38,5.70,-17.25,3.86,6.010388
476,0,26.99,5.73,-16.12,3.91,6.020962
477,0,27.80,5.73,-14.99,3.97,6.031440
478,0,28.61,5.60,-13.85,4.02,6.042244
479,0,29.32,5.63,-12.72,4.07,6.053031
480,0,30.03,5.75,-11.59,4.12,6.063555
481,0,30.74,5.62,-10.46,4.17,6.084703
482,0,31.55,5.62,-9.34,4.22,6.095209
483,0,32.35,5.52,-8.21,4.26,6.105758
484,0,33.17,5.52,-7.08,4.31,6.116258
485,0,33.98,5.60,-5.96,4.35,6.137364
486,0,34.80,5.52,-4.83,4.40,6.147863
487,0,35.62,5.52,-3.70,4.44,6.158663
488,0,37.01,5.22,-2.57,4.48,6.169268
489,0,38.42,5.01,-1.42,4.52,6.180026
490,0,39.91,4.91,-0.27,4.55,6.201229
491,0,41.14,4.91,0.89,4.59,6.211797
492,0,42.46,4.91,2.05,4.62,6.222724
493,0,43.51,5.12,3.22,4.65,6.243684
494,0,44.73,5.22,4.39,4.69,6.264852
495,0,45.95,5.22,5.57,4.73,6.275341
496,0,47.05,5.42,6.75,4.76,6.296663
497,0,47.70,5.72,7.93,4.81,6.307158
498,0,48.43,6.46,9.10,4.86,6.328269
499,0,49.05,6.64,10.27,4.91,6.338732
500,0,49.66,7.05,11.44,4.97,6.359862
501,0,50.88,7.05,12.61,5.03,6.370320
502,0,51.71,7.15,13.78,5.09,6.391707
503,0,52.52,7.25,14.95,5.15,6.402209
504,0,53.33,7.25,16.12,5.22,6.412672
505,0,53.94,7.28,17.29,5.28,6.423234
506,0,54.55,7.15,18.45,5.33,6.433682
507,0,55.25,7.18,19.60,5.39,6.444254
508,0,55.66,7.18,20.75,5.45,6.454737
509,0,56.37,6.94,21.90,5.50,6.475779
510,0,56.65,6.84,23.04,5.55,6.486311
511,0,57.28,7.18,24.18,5.60,6.496753
512,0,57.69,7.18,25.30,5.66,6.507324
513,0,58.22,7.55,26.43,5.72,6.528659
514,0,58.72,7.65,27.54,5.78,6.539253
515,0,59.33,7.66,28.66,5.84,6.560564
516,0,60.05,7.66,29.77,5.90,6.571192
517,0,60.96,7.66,30.88,5.95,6.581747
518,0,61.96,7.45,31.99,6.01,6.603070
519,0,63.04,7.35,33.11,6.06,6.624115
520,0,63.38,7.58,34.21,6.12,6.634737
521,0,64.30,7.45,35.32,6.17,6.645300
522,0,65.21,7.45,36.43,6.22,6.656140
523,0,65.45,7.89,37.53,6.28,6.687856
524,0,65.70,8.20,38.61,6.34,6.698782
525,0,66.69,8.47,39.71,6.40,6.709360
526,0,67.44,8.64,40.79,6.47,6.719864
527,0,68.08,8.84,41.88,6.54,6.730333
528,0,69.07,8.78,42.96,6.61,6.740943
529,0,70.17,8.68,44.05,6.67,6.751486
530,0,70.80,8.88,45.14,6.74,6.772555
531,0,70.91,9.49,46.21,6.81,6.793888
532,0,71.65,9.90,47.28,6.89,6.804778
533,0,73.08,10.06,48.36,6.97,6.815513
534,0,74.29,10.00,49.45,7.05,6.826016
535,0,75.68,9.69,50.54,7.13,6.836677
536,0,76.92,9.53,51.63,7.20,6.849187
537,0,78.08,9.22,52.73,7.27,6.849476
538,0,79.82,9.02,53.84,7.33,6.860020
539,0,81.00,8.78,54.96,7.39,6.881138
540,0,82.07,8.61,56.08,7.44,6.902327
541,0,83.74,8.47,57.21,7.49,6.913146
542,0,84.27,8.40,58.33,7.55,6.934254
543,0,85.57,8.50,59.46,7.60,6.944747
544,0,86.12,8.47,60.58,7.65,6.965812
545,0,86.65,8.98,61.69,7.70,6.976293
546,0,87.78,9.89,62.81,7.77,6.997316
547,0,88.05,10.45,63.92,7.85,7.007755
548,0,89.08,10.51,65.04,7.93,7.028902
549,0,90.09,10.55,66.15,8.01,7.039563
550,0,91.29,10.30,67.26,8.08,7.050088
551,0,92.60,10.35,68.39,8.15,7.060625
552,0,93.22,10.20,69.50,8.22,7.071098
553,0,94.13,10.20,70.62,8.29,7.092174
554,0,94.94,10.20,71.73,8.36,7.102660
555,0,95.75,10.20,72.85,8.42,7.123732
556,0,96.56,10.20,73.96,8.49,7.134253
557,0,97.36,10.10,75.06,8.55,7.155261
558,0,98.59,10.10,76.18,8.62,7.165700
559,0,98.88,9.84,77.28,8.68,7.176242
560,0,99.59,9.73,78.38,8.73,7.197138
561,0,100.05,9.49,79.47,8.78,7.207617
562,0,100.98,9.53,80.56,8.84,7.218177
563,0,101.79,9.39,81.65,8.88,7.228930
564,0,102.58,9.29,82.74,8.93,7.239462
565,0,103.65,9.39,83.83,8.98,7.250012
566,0,103.82,9.49,84.91,9.03,7.260482
567,0,104.87,9.79,85.99,9.08,7.270949
568,0,105.14,9.79,87.06,9.13,7.291725
569,0,105.82,9.69,88.13,9.18,7.302311
570,0,106.20,9.63,89.19,9.23,7.312824
571,0,107.57,9.63,90.25,9.28,7.323800
572,0,108.28,9.39,91.31,9.32,7.324249
573,0,109.06,9.29,92.37,9.36,7.355800
574,0,109.77,9.32,93.43,9.40,7.356067
575,0,110.58,9.18,94.48,9.44,7.366703
576,0,111.19,9.32,95.53,9.48,7.377405
577,0,111.67,8.98,96.58,9.51,7.398056
578,0,112.38,9.12,97.62,9.55,7.408975
579,0,113.19,9.12,98.65,9.58,7.419493
580,0,113.58,9.02,99.68,9.62,7.440494
581,0,114.81,9.12,100.72,9.65,7.451221
582,0,115.98,9.32,101.75,9.69,7.462092
583,0,116.36,9.22,102.78,9.72,7.472526
584,0,117.17,9.22,103.81,9.76,7.493658
585,0,117.98,9.11,104.84,9.79,7.504494
586,0,118.79,9.11,105.86,9.82,7.515022
587,0,119.46,9.01,106.88,9.85,7.536015
588,0,120.07,8.91,107.90,9.87,7.557130
589,0,120.16,9.05,108.90,9.90,7.568164
590,0,121.18,9.05,109.91,9.93,7.579069
591,0,121.75,9.07,110.91,9.96,7.599714
592,0,122.15,9.07,111.90,9.99,7.620334
593,0,122.43,9.52,112.88,10.02,7.631184
594,0,122.22,9.62,113.85,10.05,7.652147
595,0,122.35,9.73,114.81,10.09,7.662676
596,0,122.66,9.97,115.75,10.13,7.683843
597,0,123.48,10.13,116.70,10.17,7.694362
598,0,123.16,10.14,117.63,10.21,7.704849
599,0,123.67,10.24,118.55,10.25,7.726193
600,0,124.80,10.64,119.47,10.29,7.736744
601,0,124.71,10.85,120.38,10.34,7.747453
602,0,125.35,11.06,121.29,10.39,7.758048
603,0,126.79,11.21,122.21,10.45,7.768491
604,0,127.57,11.26,123.12,10.50,7.789506
605,0,128.58,11.15,124.04,10.55,7.800048
606,0,129.39,11.15,124.96,10.60,7.820858
607,0,129.41,11.05,125.86,10.65,7.831758
608,0,129.95,11.01,126.76,10.69,7.853059
609,0,131.11,11.15,127.66,10.74,7.863502
610,0,131.52,11.15,128.55,10.79,7.884669
611,0,131.82,11.01,129.44,10.83,7.896657
612,0,131.53,10.91,130.31,10.87,7.896918
613,0,131.83,11.05,131.17,10.91,7.907820
614,0,132.73,11.15,132.03,10.96,7.918604
615,0,132.90,11.05,132.89,11.00,7.939531
616,0,132.50,10.85,133.72,11.04,7.960340
617,0,133.20,10.95,134.55,11.08,7.971319
618,0,133.20,10.95,135.37,11.12,7.981773
619,0,133.20,10.95,136.18,11.16,7.992295
620,0,133.20,10.95,136.97,11.19,8.002729
621,0,133.20,10.95,137.76,11.23,8.023827
622,0,133.20,10.95,138.53,11.27,8.034810
623,0,133.20,10.95,139.29,11.30,8.056098
624,0,133.20,10.95,140.03,11.34,8.066900
625,0,132.64,10.95,140.76,11.37,8.077548
626,0,133.30,10.95,141.49,11.41,8.088083
627,0,133.30,10.95,142.20,11.44,8.109403
628,0,133.30,10.95,142.90,11.47,8.130320
629,0,133.30,10.95,143.60,11.51,8.140759
630,0,133.30,10.95,144.28,11.54,8.162246
631,0,133.30,10.95,144.94,11.57,8.172824
632,0,133.30,10.95,145.60,11.60,8.183470
633,0,133.30,10.95,146.25,11.63,8.194119
634,0,133.30,10.95,146.88,11.66,8.194387
635,0,133.30,10.95,147.51,11.69,8.204698
636,0,133.30,10.95,148.12,11.72,8.226127
637,0,132.64,10.95,148.72,11.75,8.240535
638,0,132.64,10.95,149.30,11.78,8.251452
639,0,133.30,10.95,149.89,11.81,8.272535
640,0,133.30,10.95,150.46,11.83,8.283402
641,0,132.44,10.54,151.01,11.85,8.293868
642,0,132.16,10.23,151.54,11.87,8.315197
643,0,132.15,10.07,152.07,11.88,8.336208
644,0,131.09,9.93,152.57,11.89,8.346732
645,0,130.94,9.93,153.06,11.90,8.367757
646,0,130.13,9.93,153.52,11.91,8.378275
647,0,128.67,9.62,153.96,11.92,8.399416
648,0,128.34,9.73,154.38,11.92,8.410317
649,0,126.65,9.62,154.77,11.93,8.420939
650,0,125.44,9.62,155.13,11.93,8.442085
651,0,124.96,9.62,155.48,11.93,8.452944
652,0,123.79,9.32,155.80,11.93,8.474127
653,0,122.05,9.42,156.09,11.93,8.484669
654,0,120.84,9.42,156.35,11.93,8.495150
655,0,119.63,9.42,156.59,11.93,8.516203
656,0,119.13,9.42,156.81,11.93,8.526794
657,0,118.22,9.42,157.01,11.93,8.537710
658,0,117.44,9.52,157.19,11.93,8.548305
659,0,116.73,9.53,157.35,11.93,8.559821
660,0,116.39,9.69,157.51,11.93,8.570375
661,0,116.02,9.63,157.65,11.93,8.580862
662,0,115.58,9.69,157.78,11.93,8.591359
663,0,115.60,9.79,157.90,11.94,8.602338
664,0,113.82,9.63,157.99,11.94,8.613220
665,0,113.69,9.63,158.07,11.94,8.623775
666,0,112.91,9.73,158.13,11.94,8.634441
667,0,112.07,9.49,158.18,11.93,8.644891
668,0,111.06,9.79,158.20,11.94,8.655361
669,0,110.18,9.59,158.21,11.93,8.665948
670,0,108.73,9.53,158.19,11.93,8.676381
671,0,108.38,9.39,158.16,11.93,8.697525
672,0,107.74,9.28,158.12,11.92,8.708333
673,0,106.83,9.18,158.06,11.91,8.729468
674,0,106.25,8.98,157.98,11.90,8.740036
675,0,105.44,8.98,157.89,11.89,8.750603
676,0,105.28,8.98,157.79,11.88,8.771793
677,0,103.68,8.68,157.66,11.86,8.782509
678,0,103.41,8.58,157.53,11.84,8.792920
679,0,102.70,8.58,157.38,11.82,8.803765
680,0,101.92,8.51,157.22,11.80,8.814656
681,0,101.08,8.41,157.04,11.78,8.835806
682,0,100.40,8.10,156.85,11.76,8.846344
683,0,99.59,7.97,156.64,11.73,8.856803
684,0,98.77,7.66,156.42,11.70,8.877793
685,0,97.66,7.56,156.17,11.67,8.899057
686,0,96.87,7.49,155.92,11.63,8.899431
687,0,95.94,7.16,155.64,11.59,8.910321
688,0,95.35,6.96,155.36,11.55,8.920895
689,0,95.33,6.75,155.07,11.50,8.931347
690,0,94.31,6.35,154.77,11.45,8.952458
691,0,93.71,6.24,154.45,11.40,8.963384
692,0,93.28,5.84,154.13,11.34,8.984543
693,0,92.47,5.74,153.80,11.29,9.005762
694,0,91.66,5.33,153.44,11.22,9.016679
695,0,91.34,5.33,153.09,11.16,9.037835
696,0,90.50,5.11,152.72,11.09,9.048464
697,0,89.02,5.05,152.33,11.02,9.069479
698,0,88.49,4.92,151.92,10.95,9.080012
699,0,87.10,4.62,151.50,10.88,9.090844
700,0,85.88,4.62,151.06,10.81,9.101328
701,0,84.67,4.62,150.60,10.73,9.122731
702,0,83.83,4.72,150.12,10.66,9.133409
703,0,82.48,4.62,149.63,10.59,9.154572
704,0,80.98,4.60,149.12,10.52,9.175577
705,0,79.47,4.52,148.58,10.45,9.186090
706,0,77.94,4.52,148.02,10.38,9.206841
707,0,76.30,4.32,147.44,10.30,9.217379
708,0,74.68,4.32,146.83,10.23,9.238531
709,0,73.68,4.20,146.21,10.15,9.249420
710,0,72.06,3.90,145.57,10.07,9.249661
711,0,70.42,3.49,144.91,9.99,9.270985
712,0,68.81,3.19,144.22,9.90,9.281450
713,0,67.58,2.68,143.52,9.80,9.292007
714,0,66.37,2.28,142.80,9.70,9.312988
715,0,65.15,1.88,142.07,9.60,9.323518
716,0,63.74,1.58,141.32,9.49,9.334478
717,0,63.09,1.26,140.56,9.37,9.355362
718,0,61.51,1.17,139.78,9.26,9.376355
719,0,60.86,1.06,139.00,9.14,9.386916
720,0,59.85,1.26,138.20,9.03,9.397548
721,0,59.04,1.17,137.39,8.92,9.419004
722,0,58.17,1.17,136.58,8.81,9.429519
723,0,57.51,1.17,135.76,8.70,9.450586
724,0,56.05,0.97,134.92,8.59,9.471247
725,0,54.96,0.77,134.07,8.47,9.481709
726,0,53.11,0.67,133.19,8.36,9.502882
727,0,51.61,0.56,132.30,8.24,9.513735
728,0,50.08,0.56,131.39,8.13,9.534755
729,0,48.45,0.56,130.46,8.01,9.535103
730,0,46.93,0.77,129.51,7.90,9.545684
731,0,45.40,0.66,128.55,7.79,9.556196
732,0,44.18,0.66,127.57,7.68,9.577194
733,0,42.77,0.77,126.58,7.58,9.598519
734,0,41.94,0.66,125.58,7.47,9.609058
735,0,40.64,0.56,124.56,7.36,9.629672
736,0,39.90,0.56,123.55,7.25,9.640105
737,0,38.41,0.56,122.51,7.14,9.661269
738,0,37.40,0.46,121.47,7.04,9.671754
739,0,36.44,0.46,120.42,6.93,9.682265
740,0,35.52,0.36,119.36,6.82,9.693045
741,0,34.60,0.26,118.30,6.71,9.714474
742,0,33.74,0.16,117.23,6.60,9.735983
743,0,32.97,-0.04,116.15,6.49,9.746573
744,0,32.16,-0.14,115.07,6.38,9.767718
745,0,31.10,-0.45,113.98,6.27,9.778505
746,0,30.29,-0.55,112.89,6.15,9.778861
747,0,29.40,-0.65,111.79,6.04,9.789457
748,0,28.26,-0.75,110.68,5.92,9.800003
749,0,27.26,-0.65,109.56,5.81,9.810441
750,0,26.14,-0.85,108.44,5.69,9.831516
751,0,24.82,-0.85,107.30,5.58,9.831835
752,0,23.59,-0.85,106.15,5.46,9.842470
753,0,22.07,-0.85,104.99,5.35,9.853013
754,0,20.65,-1.05,103.81,5.23,9.863532
755,0,19.31,-0.74,102.63,5.12,9.874204
756,0,17.78,-0.85,101.43,5.01,9.884622
757,0,16.29,-1.04,100.21,4.90,9.905983
758,0,14.62,-1.25,98.98,4.79,9.916449
759,0,13.09,-1.35,97.74,4.67,9.938189
760,0,11.46,-1.45,96.48,4.56,9.948967
761,0,9.99,-1.85,95.21,4.44,9.969767
762,0,8.54,-1.95,93.93,4.32,9.980239
763,0,7.08,-2.25,92.64,4.20,10.001192
764,0,5.55,-2.36,91.33,4.07,10.011656
765,0,4.02,-2.66,90.01,3.95,10.032440
766,0,3.48,-2.76,88.70,3.82,10.043431
767,0,2.18,-2.85,87.37,3.69,10.064958
768,0,0.76,-3.15,86.03,3.56,10.065303
769,0,-0.36,-3.35,84.69,3.43,10.075951
770,0,-1.89,-3.26,83.34,3.30,10.086465
771,0,-3.11,-3.15,81.98,3.17,10.096918
772,0,-3.89,-3.56,80.61,3.04,10.117641
773,0,-4.92,-3.45,79.25,2.91,10.138780
774,0,-6.07,-3.67,77.87,2.78,10.149245
775,0,-7.06,-3.95,76.50,2.64,10.159728
776,0,-8.27,-4.07,75.12,2.51,10.181167
777,0,-9.59,-4.05,73.73,2.38,10.202313
778,0,-11.01,-4.15,72.32,2.24,10.212899
779,0,-12.79,-4.15,70.91,2.11,10.223608
780,0,-14.16,-4.45,69.49,1.98,10.244640
781,0,-16.19,-4.35,68.05,1.84,10.265646
782,0,-17.81,-4.45,66.59,1.71,10.276187
783,0,-19.84,-4.35,65.12,1.58,10.286954
784,0,-21.37,-4.45,63.64,1.45,10.309128
785,0,-23.49,-4.35,62.14,1.32,10.320048
786,0,-25.22,-4.35,60.63,1.20,10.330470
787,0,-26.83,-4.47,59.11,1.07,10.341263
788,0,-28.44,-4.47,57.58,0.95,10.351790
789,0,-30.29,-4.43,56.03,0.82,10.362351
790,0,-31.91,-4.55,54.47,0.70,10.373264
791,0,-33.30,-4.83,52.91,0.57,10.383857
792,0,-34.91,-4.95,51.34,0.44,10.394387
793,0,-36.42,-5.25,49.75,0.31,10.415071
794,0,-37.74,-5.63,48.16,0.18,10.436300
795,0,-39.06,-5.85,46.57,0.04,10.446729
796,0,-40.17,-6.23,44.98,-0.10,10.467801
797,0,-41.39,-6.43,43.38,-0.24,10.478251
798,0,-42.60,-6.63,41.77,-0.38,10.488816
799,0,-43.91,-6.83,40.17,-0.53,10.499383
800,0,-45.42,-6.96,38.55,-0.68,10.510202
801,0,-46.44,-7.33,36.94,-0.82,10.521114
802,0,-48.06,-7.33,35.31,-0.97,10.531869
803,0,-48.97,-7.43,33.69,-1.12,10.542438
804,0,-50.08,-7.63,32.06,-1.27,10.552950
805,0,-51.39,-7.63,30.44,-1.42,10.563504
806,0,-52.60,-7.63,28.80,-1.57,10.584739
807,0,-53.82,-7.73,27.17,-1.71,10.605889
808,0,-54.62,-7.79,25.54,-1.86,10.616836
809,0,-55.77,-7.79,23.91,-2.00,10.627816
810,0,-56.24,-8.03,22.28,-2.15,10.649340
811,0,-57.05,-8.13,20.66,-2.30,10.660294
812,0,-57.85,-8.26,19.05,-2.44,10.670748
813,0,-58.37,-8.23,17.44,-2.59,10.691402
814,0,-58.72,-8.52,15.84,-2.74,10.701868
815,0,-59.33,-8.49,14.24,-2.88,10.712362
816,0,-60.29,-8.59,12.65,-3.03,10.743834
817,0,-60.89,-8.79,11.07,-3.17,10.754296
818,0,-61.54,-8.92,9.49,-3.32,10.775848
819,0,-62.35,-8.92,7.92,-3.47,10.786705
820,0,-63.25,-8.92,6.34,-3.61,10.797549
821,0,-64.53,-8.69,4.77,-3.75,10.818565
822,0,-65.47,-8.42,3.19,-3.88,10.839761
823,0,-67.16,-8.32,1.61,-4.02,10.850233
824,0,-68.47,-8.12,0.02,-4.14,10.860851
825,0,-69.69,-8.19,-1.57,-4.27,10.871727
826,0,-70.90,-8.02,-3.16,-4.39,10.882558
827,0,-71.61,-8.32,-4.74,-4.52,10.893071
828,0,-72.81,-8.42,-6.33,-4.64,10.903815
829,0,-73.82,-8.62,-7.91,-4.77,10.914348
830,0,-74.40,-8.92,-9.49,-4.90,10.924861
831,0,-75.32,-8.98,-11.07,-5.03,10.935919
832,0,-76.02,-9.18,-12.64,-5.16,10.946430
833,0,-76.73,-9.12,-14.20,-5.29,10.960517
834,0,-77.00,-9.18,-15.75,-5.41,10.971004
835,0,-77.94,-9.02,-17.30,-5.54,10.981706
836,0,-78.64,-9.08,-18.84,-5.66,10.992204
837,0,-79.55,-9.02,-20.38,-5.78,11.002683
838,0,-80.22,-9.08,-21.92,-5.90,11.023619
839,0,-81.31,-8.78,-23.45,-6.02,11.034449
840,0,-83.07,-8.92,-24.99,-6.13,11.055535
841,0,-84.68,-8.68,-26.54,-6.24,11.065999
842,0,-86.09,-8.49,-28.10,-6.35,11.087082
843,0,-87.43,-8.39,-29.66,-6.45,11.097618
844,0,-88.84,-8.19,-31.22,-6.55,11.108261
845,0,-90.44,-8.19,-32.79,-6.65,11.118753
846,0,-92.05,-8.19,-34.36,-6.75,11.129270
847,0,-93.55,-8.02,-35.94,-6.84,11.139761
848,0,-94.95,-8.25,-37.53,-6.93,11.160909
849,0,-96.46,-8.09,-39.12,-7.03,11.171858
850,0,-97.65,-8.19,-40.71,-7.12,11.193136
851,0,-99.66,-7.99,-42.31,-7.20,11.203656
852,0,-101.06,-7.89,-43.91,-7.29,11.224235
853,0,-101.94,-7.86,-45.52,-7.37,11.234711
854,0,-103.34,-7.99,-47.12,-7.46,11.255786
855,0,-105.07,-8.19,-48.73,-7.54,11.266441
856,0,-106.03,-8.19,-50.34,-7.63,11.277190
857,0,-107.63,-8.29,-51.95,-7.71,11.287847
858,0,-109.98,-8.29,-53.59,-7.80,11.298804
859,0,-112.09,-8.35,-55.23,-7.88,11.309359
860,0,-113.70,-8.49,-56.88,-7.96,11.330396
861,0,-115.80,-8.35,-58.54,-8.04,11.341251
862,0,-117.10,-8.65,-60.21,-8.13,11.351764
863,0,-119.09,-8.65,-61.88,-8.21,11.362359
864,0,-121.18,-8.65,-63.57,-8.29,11.372787
865,0,-122.65,-8.65,-65.26,-8.38,11.394176
866,0,-124.85,-8.71,-66.96,-8.46,11.404624
867,0,-126.54,-8.81,-68.67,-8.54,11.426001
868,0,-127.39,-9.18,-70.37,-8.62,11.436451
869,0,-129.03,-9.21,-72.08,-8.71,11.457225
870,0,-129.18,-9.54,-73.77,-8.79,11.468244
871,0,-130.03,-9.74,-75.46,-8.88,11.489359
872,0,-130.23,-9.74,-77.13,-8.97,11.500314
873,0,-130.23,-9.99,-78.78,-9.06,11.510872
874,0,-130.63,-9.94,-80.42,-9.15,11.532062
875,0,-130.83,-10.03,-82.04,-9.24,11.542607
876,0,-130.78,-10.33,-83.64,-9.33,11.553127
877,0,-131.17,-10.43,-85.23,-9.43,11.564081
878,0,-131.67,-10.58,-86.81,-9.52,11.574584
879,0,-131.77,-10.53,-88.38,-9.61,11.595911
880,0,-132.42,-10.43,-89.93,-9.70,11.606461
881,0,-131.77,-10.53,-91.46,-9.79,11.616942
882,0,-131.77,-10.53,-92.96,-9.88,11.638001
883,0,-131.77,-10.53,-94.45,-9.96,11.648458
884,0,-131.77,-10.53,-95.93,-10.05,11.669661
885,0,-132.52,-10.53,-97.39,-10.13,11.680210
886,0,-132.52,-10.53,-98.84,-10.22,11.690837
887,0,-132.52,-10.53,-100.27,-10.30,11.701249
888,0,-132.52,-10.53,-101.68,-10.38,11.711826
889,0,-132.52,-10.58,-103.08,-10.46,11.732763
890,0,-132.52,-10.58,-104.46,-10.54,11.743211
891,0,-132.52,-10.58,-105.82,-10.61,11.753741
892,0,-132.52,-10.58,-107.16,-10.69,11.764391
893,0,-132.52,-10.58,-108.49,-10.77,11.774828
894,0,-132.52,-10.58,-109.80,-10.84,11.795965
895,0,-132.52,-10.58,-111.10,-10.91,11.806443
896,0,-132.52,-10.58,-112.37,-10.99,11.827790
897,0,-132.52,-10.58,-113.63,-11.06,11.828215
898,0,-132.52,-10.58,-114.88,-11.13,11.838719
899,0,-132.52,-10.58,-116.11,-11.20,11.849596
900,0,-132.52,-10.58,-117.32,-11.27,11.860195
901,0,-132.52,-10.53,-118.51,-11.33,11.870839
902,0,-132.52,-10.53,-119.69,-11.40,11.881355
903,0,-132.52,-10.53,-120.86,-11.46,11.891908
904,0,-132.52,-10.53,-122.00,-11.52,11.902351
905,0,-132.52,-10.53,-123.14,-11.58,11.912908
906,0,-131.86,-10.63,-124.24,-11.65,11.923391
907,0,-132.42,-10.53,-125.34,-11.71,11.944432
908,0,-132.52,-10.92,-126.43,-11.77,11.954943
