x,y,z,rx,ry,rz
303.82263161113514,-5.183222155934568,200.0,180,0,0
303.82960376233564,-5.216570659440809,200.0,180,0,0
303.8244663877669,-5.274456119133232,200.0,180,0,0
303.7325899479342,-5.2964003772396415,200.0,180,0,0
303.7125220785249,-5.228144125228133,200.0,180,0,0
303.77368894448443,-5.1962339950155645,200.0,180,0,0
303.8017610269495,-5.2296248036186785,200.0,180,0,0
303.8541209650768,-5.281913903353367,200.0,180,0,0
303.83533743930974,-5.311980740059338,200.0,180,0,0
303.71589348058563,-5.213010987718233,200.0,180,0,0
303.77132666957107,-5.142778483324244,200.0,180,0,0
303.7894106867474,-5.206659179602057,200.0,180,0,0
303.81322838089767,-5.288144839764192,200.0,180,0,0
303.7843535836562,-5.324231087396626,200.0,180,0,0
303.7299409891722,-5.302873057061168,200.0,180,0,0
303.7365232503384,-5.2269777132715,200.0,180,0,0
303.70861171082856,-5.2574373830198615,200.0,180,0,0
303.74850663521426,-5.241566928107322,200.0,180,0,0
303.76382702008897,-5.238309435648124,200.0,180,0,0
303.7685974393314,-5.184672616398776,200.0,180,0,0
303.74522697198506,-5.163616765326694,200.0,180,0,0
303.7526692846974,-5.232555942473431,200.0,180,0,0
303.754309116312,-5.301827516809885,200.0,180,0,0
303.7761085561675,-5.356830186329693,200.0,180,0,0
303.8005684221389,-5.313364721085604,200.0,180,0,0
303.8107514324449,-5.300105095008639,200.0,180,0,0
303.7851104290168,-5.33200918163594,200.0,180,0,0
303.80572873141557,-5.361568357179439,200.0,180,0,0
303.8047654736839,-5.311817563257115,200.0,180,0,0
303.79084410599086,-5.266273104680994,200.0,180,0,0
303.76559299259696,-5.255642438195405,200.0,180,0,0
303.8040315630313,-5.276788943046499,200.0,180,0,0
303.79272475203834,-5.303719158998622,200.0,180,0,0
303.80974230529745,-5.320151667341042,200.0,180,0,0
303.7456971334969,-5.308463373433636,200.0,180,0,0
303.73107625721303,-5.256452278621254,200.0,180,0,0
303.79045421595663,-5.2656324846426354,200.0,180,0,0
303.83221831903586,-5.291474855246602,200.0,180,0,0
303.82408796508656,-5.2783844495571275,200.0,180,0,0
303.7961993602846,-5.253962321491031,200.0,180,0,0
303.7666479891603,-5.233903661988092,200.0,180,0,0
303.7819110372653,-5.271011275530738,200.0,180,0,0
303.82352606474313,-5.28210125449666,200.0,180,0,0
303.84448838776035,-5.297687660901626,200.0,180,0,0
303.92274161110265,-5.373039082017216,200.0,180,0,0
304.0881925938668,-5.421478417936484,200.0,180,0,0
304.16782189968285,-5.447659229315433,200.0,180,0,0
304.18378445637865,-5.486573874853072,200.0,180,0,0
304.35377651130625,-5.648070560372064,200.0,180,0,0
304.6436024149922,-5.89191109516118,200.0,180,0,0
304.7912789991366,-6.029553749629223,200.0,180,0,0
304.7926780163183,-6.066063048230383,200.0,180,0,0
304.777472304983,-6.140526062311646,200.0,180,0,0
304.7605923599713,-6.162428015321182,200.0,180,0,0
304.74523757303473,-6.106561113108117,200.0,180,0,0
304.732359734551,-6.10479034262473,200.0,180,0,0
304.7460288204572,-6.141486992369183,200.0,180,0,0
304.7405015558541,-6.208915273199039,200.0,180,0,0
304.7408685111805,-6.185309029144059,200.0,180,0,0
304.75357433935505,-6.122866706159917,200.0,180,0,0
304.7553861812789,-6.0836921864557745,200.0,180,0,0
304.76845896477977,-6.149990316840602,200.0,180,0,0
304.74717555585204,-6.21067395651189,200.0,180,0,0
304.75238173454443,-6.207452725564296,200.0,180,0,0
304.7568081331685,-6.151096292944559,200.0,180,0,0
304.79984511253593,-6.12388807207013,200.0,180,0,0
304.800269404632,-6.150159537228093,200.0,180,0,0
304.81001665548797,-6.16816337774007,200.0,180,0,0
304.81204637713677,-6.167432103922699,200.0,180,0,0
304.79735669672914,-6.089228110560834,200.0,180,0,0
304.79907679982136,-6.0708072626653955,200.0,180,0,0
304.7864512431245,-6.134307213071356,200.0,180,0,0
304.8001203290306,-6.170574768261815,200.0,180,0,0
304.7336555455471,-6.214088582188046,200.0,180,0,0
304.74114372767525,-6.1909718685397355,200.0,180,0,0
304.6747936177312,-6.197372025338052,200.0,180,0,0
304.5471046315183,-6.2721311750974245,200.0,180,0,0
304.521968191664,-6.342677945925326,200.0,180,0,0
304.45331314357634,-6.33189014622278,200.0,180,0,0
304.2609597484498,-6.379332290572908,200.0,180,0,0
304.1614460508876,-6.443841519718545,200.0,180,0,0
304.00092603032124,-6.540961934967785,200.0,180,0,0
303.9909035629705,-6.6006967317520715,200.0,180,0,0
303.9811563121146,-6.614615108623198,200.0,180,0,0
304.00460705093855,-6.567269661637352,200.0,180,0,0
304.02133792034897,-6.577090487697092,200.0,180,0,0
304.0212691162253,-6.5936559549153975,200.0,180,0,0
304.0379770509278,-6.595432768984052,200.0,180,0,0
304.0403851952569,-6.578939824788956,200.0,180,0,0
304.0185628206935,-6.589358965790182,200.0,180,0,0
304.0134942502484,-6.590422636797267,200.0,180,0,0
304.02383780350965,-6.588802955945568,200.0,180,0,0
304.0349840715473,-6.565021447917831,200.0,180,0,0
304.04717386879423,-6.570502979755482,200.0,180,0,0
304.0436075217163,-6.597952944040612,200.0,180,0,0
304.0450524083138,-6.593021378462306,200.0,180,0,0
304.01073061794693,-6.588065638542929,200.0,180,0,0
304.0266587725809,-6.599367142993215,200.0,180,0,0
304.022003026878,-6.599578668477579,200.0,180,0,0
304.0256267107256,-6.588718345751824,200.0,180,0,0
304.027530291481,-6.591873097261475,200.0,180,0,0
304.0269110543678,-6.585660291606452,200.0,180,0,0
304.05125624679977,-6.5773020131814555,200.0,180,0,0
304.2086686144462,-6.540182312468273,200.0,180,0,0
304.39948538414365,-6.508846322856119,200.0,180,0,0
304.66511517099894,-6.557025784608885,200.0,180,0,0
304.99858582381154,-6.489053581104952,200.0,180,0,0
305.21538761755556,-6.519748950678747,200.0,180,0,0
305.5595687789558,-6.547343961010298,200.0,180,0,0
305.73653298508384,-6.561866696408178,200.0,180,0,0
305.89143400221565,-6.4360573818939635,200.0,180,0,0
306.0260378028592,-6.3542453681273825,200.0,180,0,0
306.13188147980077,-6.318171207665483,200.0,180,0,0
306.2653614797574,-6.224278066949105,200.0,180,0,0
306.2907157993368,-6.192289370128059,200.0,180,0,0
306.293101008958,-6.194749109331944,200.0,180,0,0
306.3248082426247,-6.2083109146722855,200.0,180,0,0
306.3536142357425,-6.184245358136973,200.0,180,0,0
306.3659989780065,-6.14874533827549,200.0,180,0,0
306.4071094419107,-6.097278166137187,200.0,180,0,0
306.4827595759067,-6.000333014860705,200.0,180,0,0
306.6000935415043,-5.954867122893061,200.0,180,0,0
306.7677462562265,-5.928559396223494,200.0,180,0,0
306.9821169709335,-5.88784376227613,200.0,180,0,0
307.34446242098755,-5.846396854511396,200.0,180,0,0
307.5475492594096,-5.858689506945555,200.0,180,0,0
307.82871731086465,-5.865222622619759,200.0,180,0,0
308.0121835066813,-5.8755994585241105,200.0,180,0,0
308.259580200759,-5.877769105635155,200.0,180,0,0
308.38742972992713,-5.861602515044507,200.0,180,0,0
308.518191966998,-5.855329273536808,200.0,180,0,0
308.6448718260634,-5.873067196297015,200.0,180,0,0
308.8235332005758,-5.87442700298221,200.0,180,0,0
308.848921922217,-5.86098002576195,200.0,180,0,0
308.9179095235692,-5.853649156832434,200.0,180,0,0
309.1379107090648,-5.86414082085687,200.0,180,0,0
309.2059694547471,-5.895857556340878,200.0,180,0,0
309.3383371213708,-5.886876788633326,200.0,180,0,0
309.3691843034913,-5.874801705268796,200.0,180,0,0
309.5614230250784,-5.887009747509211,200.0,180,0,0
309.7939694957932,-5.960028344711533,200.0,180,0,0
310.29515020009774,-5.994972354728403,200.0,180,0,0
310.57967818625957,-6.071097354758238,200.0,180,0,0
310.9996814919651,-6.114278771494754,200.0,180,0,0
311.360513251298,-6.084175673277177,200.0,180,0,0
311.72745711028534,-6.19020433321076,200.0,180,0,0
312.00385474249794,-6.267127086495907,200.0,180,0,0
312.4173445911609,-6.156771219510772,200.0,180,0,0
312.5837358969487,-6.175482159499051,200.0,180,0,0
312.9040649621367,-6.19789177367106,200.0,180,0,0
313.14302168370864,-6.1838283507535134,200.0,180,0,0
313.31835752557606,-6.141849607485235,200.0,180,0,0
313.4255772849914,-6.1312249845849145,200.0,180,0,0
313.4686716011286,-6.116182500854026,200.0,180,0,0
313.46681388978897,-6.125501709336561,200.0,180,0,0
313.463281944773,-6.111256978860988,200.0,180,0,0
313.46754780044165,-6.133382544525423,200.0,180,0,0
313.57067371449756,-6.137752056673849,200.0,180,0,0
313.7218478415962,-6.115106742676406,200.0,180,0,0
313.9111279858646,-6.108603844928541,200.0,180,0,0
314.00266040507887,-6.149204650755823,200.0,180,0,0
314.1435024462702,-6.173221858608994,200.0,180,0,0
314.3730444702506,-6.212420552654207,200.0,180,0,0
314.48373883791226,-6.245140523292626,200.0,180,0,0
314.7108383155017,-6.239906778450942,200.0,180,0,0
314.9657805284773,-6.334803154321731,200.0,180,0,0
315.3655095524024,-6.3106892491042785,200.0,180,0,0
315.6235250162361,-6.468197168346698,200.0,180,0,0
315.97499941474734,-6.481190876671892,200.0,180,0,0
316.37426974451455,-6.504966341114363,200.0,180,0,0
316.79739217049394,-6.5255870540471825,200.0,180,0,0
317.0999927064781,-6.499104063404858,200.0,180,0,0
317.30665735933195,-6.50414441351798,200.0,180,0,0
317.6730163832679,-6.599874804155687,200.0,180,0,0
317.988896115124,-6.602038407681464,200.0,180,0,0
318.3528699294388,-6.525538705365043,200.0,180,0,0
318.4876113383297,-6.480906828164319,200.0,180,0,0
318.8048900873675,-6.56546262964236,200.0,180,0,0
319.1587038260842,-6.67852602282735,200.0,180,0,0
319.49185339298623,-6.753224736734046,200.0,180,0,0
319.7730443791492,-6.801766813602863,200.0,180,0,0
320.04672424847615,-6.763486744518315,200.0,180,0,0
320.27927071919095,-6.800509747867216,200.0,180,0,0
320.46255343734447,-6.867164449782828,200.0,180,0,0
320.676362251708,-6.940358310957907,200.0,180,0,0
321.0103374680943,-6.922928611046346,200.0,180,0,0
321.27745801096285,-6.809260859334603,200.0,180,0,0
321.50037190436126,-6.7859447073724635,200.0,180,0,0
321.80121793519135,-6.764610851378077,200.0,180,0,0
322.06563218252813,-6.7030871533546,200.0,180,0,0
322.3586230759037,-6.6693095552943635,200.0,180,0,0
322.4828374538702,-6.659621688110509,200.0,180,0,0
322.7985451754172,-6.546558294925519,200.0,180,0,0
322.979545890135,-6.573681905606203,200.0,180,0,0
323.0803209966315,-6.579828231823284,200.0,180,0,0
323.2335592474408,-6.584088959436893,200.0,180,0,0
323.3889074913766,-6.542599746575285,200.0,180,0,0
323.55270717517215,-6.469520713520288,200.0,180,0,0
323.62934350160776,-6.465562165170055,200.0,180,0,0
323.65523678682274,-6.449171961924508,200.0,180,0,0
323.71556653594405,-6.4429591562694855,200.0,180,0,0
323.7118855153266,-6.452665154209142,200.0,180,0,0
323.7123671441925,-6.447848416750919,200.0,180,0,0
323.7106699758082,-6.447491845220134,200.0,180,0,0
323.72686187958294,-6.410831456987285,200.0,180,0,0
323.7804946939985,-6.397112518429986,200.0,180,0,0
323.9596720994386,-6.386959295180533,200.0,180,0,0
324.1128530134781,-6.358663228957948,200.0,180,0,0
324.4244668896656,-6.248476582360303,200.0,180,0,0
324.82357667647756,-6.248712282185737,200.0,180,0,0
325.35723292716324,-6.3156570761941895,200.0,180,0,0
325.82830035999996,-6.352196592721689,200.0,180,0,0
326.1517944148776,-6.422882366010744,200.0,180,0,0
326.55070925667246,-6.387757048435847,200.0,180,0,0
326.9424570022496,-6.41382907527998,200.0,180,0,0
327.3951996034771,-6.457910986221359,200.0,180,0,0
327.6495225793395,-6.504772946385803,200.0,180,0,0
327.90551978887834,-6.520728011492087,200.0,180,0,0
328.19527688844056,-6.493398918912307,200.0,180,0,0
328.51880534538014,-6.464558930015645,200.0,180,0,0
328.90749130745314,-6.463930397147822,200.0,180,0,0
329.1671580702554,-6.560446453870309,200.0,180,0,0
329.4347602419898,-6.47688784396141,200.0,180,0,0
329.5957274893602,-6.445799641345226,200.0,180,0,0
329.81699008379,-6.626950066154231,200.0,180,0,0
329.746202107868,-6.521864205522384,200.0,180,0,0
329.8720448500951,-6.532198736329863,200.0,180,0,0
330.01154521087454,-6.494674115403757,200.0,180,0,0
330.1051417537995,-6.502029158674344,200.0,180,0,0
330.2326587297031,-6.508350748864182,200.0,180,0,0
330.46488411450736,-6.474760501947238,200.0,180,0,0
330.577344454677,-6.398490455870984,200.0,180,0,0
330.87308751300014,-6.358602793105272,200.0,180,0,0
331.2376117603044,-6.4244960032771745,200.0,180,0,0
331.49042104544566,-6.423855383238816,200.0,180,0,0
331.734366065985,-6.502343425108255,200.0,180,0,0
332.1318589558902,-6.506767329524089,200.0,180,0,0
332.40794696954623,-6.665598793940099,200.0,180,0,0
332.57126502447596,-6.7257868596194506,200.0,180,0,0
332.81616183539296,-6.760428690372944,200.0,180,0,0
333.1932313679165,-6.702784974091222,200.0,180,0,0
333.51663368396265,-6.7193685720653304,200.0,180,0,0
333.8247041477801,-6.747882207357548,200.0,180,0,0
334.2016819414721,-6.751375399642181,200.0,180,0,0
334.49774608570584,-6.71312554848397,200.0,180,0,0
334.97888185530894,-6.6831554091422785,200.0,180,0,0
335.1933443088475,-6.656539459624067,200.0,180,0,0
335.61032023311066,-6.606232655857131,200.0,180,0,0
335.8826698893796,-6.6151167262004025,200.0,180,0,0
336.1274520267571,-6.617099022168154,200.0,180,0,0
336.3987925558786,-6.469901459392142,200.0,180,0,0
336.6051934595916,-6.420477019074266,200.0,180,0,0
336.9755201879936,-6.386040670219868,200.0,180,0,0
337.26719233566513,-6.39641750612422,200.0,180,0,0
337.47181579951626,-6.396991646724636,200.0,180,0,0
337.6572199781502,-6.463313951450533,200.0,180,0,0
337.9275055107084,-6.434522311236011,200.0,180,0,0
338.206781448762,-6.447806111654046,200.0,180,0,0
338.4334336995475,-6.466541225983394,200.0,180,0,0
338.603437221829,-6.539874089619628,200.0,180,0,0
338.7881533592261,-6.646217015987123,200.0,180,0,0
338.9891072698137,-6.633422745975758,200.0,180,0,0
339.35531721814834,-6.6626797422558806,200.0,180,0,0
339.54085900502963,-6.652877046951944,200.0,180,0,0
339.79523931766175,-6.737789419960769,200.0,180,0,0
339.97633177121116,-6.840028751931609,200.0,180,0,0
340.1982480048161,-6.865538725345861,200.0,180,0,0
340.4242007470107,-6.889912504729819,200.0,180,0,0
340.5754092761712,-6.8793120561705665,200.0,180,0,0
340.92319118671116,-6.90053712763014,200.0,180,0,0
341.0603178052233,-6.825735672773895,200.0,180,0,0
341.24907045121006,-6.8087773725132,200.0,180,0,0
341.6325846366525,-6.75634927031736,200.0,180,0,0
341.9314238805417,-6.798140662442344,200.0,180,0,0
342.15639043029677,-6.797439606551309,200.0,180,0,0
342.47861160888624,-6.70318385071888,200.0,180,0,0
342.79669307270046,-6.736725748953683,200.0,180,0,0
343.2573481481521,-6.770436867575977,200.0,180,0,0
343.5054099487588,-6.813763330358914,200.0,180,0,0
343.890758910833,-6.827627314962633,200.0,180,0,0
344.0427472200619,-6.81911190332068,200.0,180,0,0
344.2766009691269,-6.849462788534226,200.0,180,0,0
344.46933278693365,-6.901993631679615,200.0,180,0,0
344.5423683642295,-6.926035013873857,200.0,180,0,0
344.6976936734574,-6.936345370340267,200.0,180,0,0
344.84548493114136,-6.960773541991632,200.0,180,0,0
345.15255773516526,-6.965245795089605,200.0,180,0,0
345.34660829867613,-6.963583809141034,200.0,180,0,0
345.5333312230141,-7.110074272440744,200.0,180,0,0
346.0157513362594,-7.215655707064528,200.0,180,0,0
346.3803214529795,-7.229368602036559,200.0,180,0,0
346.63831398210533,-7.252062264716141,200.0,180,0,0
347.0547853427948,-7.232686530348434,200.0,180,0,0
347.1992510678337,-7.2851267197148095,200.0,180,0,0
347.63904702645374,-7.2442539525504905,200.0,180,0,0
347.7669309576837,-7.232825532809588,200.0,180,0,0
347.93965224285097,-7.177520684026401,200.0,180,0,0
348.07649217751435,-7.118142458772899,200.0,180,0,0
348.39208522552184,-6.8976724682133295,200.0,180,0,0
348.4923787031525,-6.899455325867251,200.0,180,0,0
348.9008229160782,-6.898669659782472,200.0,180,0,0
349.26195282661376,-6.903879230283084,200.0,180,0,0
349.4936392457825,-6.824520912135122,200.0,180,0,0
349.76231934878797,-6.832746231684232,200.0,180,0,0
350.09239566483194,-6.7991318104262195,200.0,180,0,0
350.3244261046192,-6.831344119902165,200.0,180,0,0
350.56309614234226,-6.871999317996853,200.0,180,0,0
350.72236622132834,-6.868886871584074,200.0,180,0,0
350.85699295667985,-6.86625186840743,200.0,180,0,0
351.26048327269996,-6.875353507820333,200.0,180,0,0
351.49411914203984,-6.898319131836955,200.0,180,0,0
351.67826191173947,-6.945187135586666,200.0,180,0,0
352.05800333773294,-6.93070670528566,200.0,180,0,0
352.4534894406972,-6.9143285892106485,200.0,180,0,0
352.65979860557866,-6.914117063726284,200.0,180,0,0
353.0367763992706,-6.863526211451773,200.0,180,0,0
353.29300295588837,-6.859791275756439,200.0,180,0,0
353.71926743684963,-6.795505659265699,200.0,180,0,0
353.97148041958553,-6.743869266739906,200.0,180,0,0
354.1981556050789,-6.747253674489724,200.0,180,0,0
354.533289024214,-6.52765396020868,200.0,180,0,0
355.10881258416447,-6.466154436526273,200.0,180,0,0
355.57496052215737,-6.4392242205741494,200.0,180,0,0
356.06278175911234,-6.4301769734286545,200.0,180,0,0
356.48850727443795,-6.475401121985597,200.0,180,0,0
356.831621971921,-6.55512809883488,200.0,180,0,0
357.34980876213064,-6.540943804211982,200.0,180,0,0
357.8969391537055,-6.549314169807514,200.0,180,0,0
358.5296160057336,-6.5392878618486785,200.0,180,0,0
359.0105797650275,-6.419195778997549,200.0,180,0,0
359.64199520812133,-6.28534245249225,200.0,180,0,0
360.03929315300945,-6.245744881819379,200.0,180,0,0
360.3906070085654,-6.132766098828134,200.0,180,0,0
360.9181511595968,-6.051776012657938,200.0,180,0,0
361.5589468982202,-5.9344216739330005,200.0,180,0,0
361.9307643826355,-5.8852873257079645,200.0,180,0,0
362.35971222442055,-5.842069647459843,200.0,180,0,0
362.7592119012668,-5.820143520109236,200.0,180,0,0
363.04208858846005,-5.819406202706597,200.0,180,0,0
363.451381385578,-5.86524075337556,200.0,180,0,0
363.99354641289324,-5.890925990762572,200.0,180,0,0
364.50715772887753,-5.9001182839544875,200.0,180,0,0
365.0433711994938,-5.874269869765254,200.0,180,0,0
365.75549387967476,-6.273907989166078,200.0,180,0,0
366.27402469050287,-6.2404748754660915,200.0,180,0,0
366.62717332269057,-5.768071989444181,200.0,180,0,0
367.38419069357866,-5.624246747247453,200.0,180,0,0
368.036281775841,-5.595938593854333,200.0,180,0,0
368.64464783749906,-5.602375012164255,200.0,180,0,0
369.2358816723586,-5.678917019577548,200.0,180,0,0
370.03165869959145,-5.702366130415572,200.0,180,0,0
370.66409473718664,-5.766833054464336,200.0,180,0,0
371.5319670186916,-6.105013955279627,200.0,180,0,0
372.0396726473927,-6.125066571197299,200.0,180,0,0
372.3448648053691,-6.109455990451263,200.0,180,0,0
372.8498526711844,-5.566107456973794,200.0,180,0,0
373.44034112803723,-5.525289082076883,200.0,180,0,0
373.8303687705223,-5.423170621811394,200.0,180,0,0
374.38009078408936,-5.4136096699181575,200.0,180,0,0
374.9336199591673,-5.419635124429887,200.0,180,0,0
375.66606279054446,-5.40797100486355,200.0,180,0,0
376.44947801022124,-5.483086726153706,200.0,180,0,0
377.6071876627661,-5.863095280605587,200.0,180,0,0
378.21980811273886,-5.88578894328517,200.0,180,0,0
378.89967312626374,-5.39078304836269,200.0,180,0,0
379.55851848000157,-5.364674760006951,200.0,180,0,0
380.24397956225306,-5.364928590588186,200.0,180,0,0
380.8183678541627,-5.402386732076351,200.0,180,0,0
381.45789071649796,-5.463445074034228,200.0,180,0,0
382.2670616131423,-5.611192603069583,200.0,180,0,0
382.796520812283,-5.600761374897823,200.0,180,0,0
383.57937413161625,-5.973372580982244,200.0,180,0,0
384.01876873284806,-6.017684148163789,200.0,180,0,0
384.2646058667888,-5.587791840913699,200.0,180,0,0
384.6728436673435,-5.538161918696726,200.0,180,0,0
385.1275471860961,-5.504819458775752,200.0,180,0,0
385.52223057428404,-5.489148442177041,200.0,180,0,0
385.84804103465933,-5.461360037116928,200.0,180,0,0
386.2606134950064,-5.428634022893243,200.0,180,0,0
386.5447057217182,-5.403825105370023,200.0,180,0,0
386.89560675253205,-5.3815484500738995,200.0,180,0,0
387.23474227819503,-5.369310189907147,200.0,180,0,0
387.6826341887025,-5.366004348765808,200.0,180,0,0
388.18568407170056,-5.426887426750926,200.0,180,0,0
388.54245638773585,-5.439591042983278,200.0,180,0,0
389.07956431196,-5.8449947427293285,200.0,180,0,0
389.51832820872465,-5.853401369836465,200.0,180,0,0
389.8417075900629,-5.887481147160079,200.0,180,0,0
390.1449044284524,-5.8757686789116015,200.0,180,0,0
390.3513626689351,-5.8433629747070945,200.0,180,0,0
390.58103083380894,-5.847792922708196,200.0,180,0,0
390.82521666878125,-5.411113669202668,200.0,180,0,0
391.06743011887437,-5.464430178432835,200.0,180,0,0
391.3370046754878,-5.447351006466789,200.0,180,0,0
391.5626592664798,-5.459583223048274,200.0,180,0,0
391.68370865475663,-5.514144710843553,200.0,180,0,0
391.90711564437476,-5.586909477464639,200.0,180,0,0
392.072314345352,-5.655310775522567,200.0,180,0,0
392.19804241403966,-5.689088373582805,200.0,180,0,0
392.3183808263717,-5.723494504510864,200.0,180,0,0
392.42546297753967,-5.77465949738579,200.0,180,0,0
392.54882877131405,-5.8360562801186475,200.0,180,0,0
392.60164740359926,-5.881389213210407,200.0,180,0,0
392.66288307368245,-5.989581476669765,200.0,180,0,0
392.70212435889306,-6.07057760642523,200.0,180,0,0
392.77645574718514,-6.200345469289678,200.0,180,0,0
392.78037758223536,-6.378848803751505,200.0,180,0,0
392.7921430873862,-6.5277627447434945,200.0,180,0,0
392.837324461942,-6.635689090451082,200.0,180,0,0
392.85411266812207,-6.7853645231867805,200.0,180,0,0
392.82468743789104,-7.070126173822357,200.0,180,0,0
392.8165914860037,-7.236445640384838,200.0,180,0,0
392.8609930804909,-7.41104481876384,200.0,180,0,0
392.87789596021054,-7.475481524886266,200.0,180,0,0
392.9719970667092,-7.59872231566178,200.0,180,0,0
393.0307328536317,-7.845820342910096,200.0,180,0,0
393.1015552316156,-8.160207648527113,200.0,180,0,0
393.21643518346826,-8.355264363036712,200.0,180,0,0
393.2429247710885,-8.67412996533697,200.0,180,0,0
393.2394386954883,-8.949028484815932,200.0,180,0,0
393.25485081919464,-9.217266973330075,200.0,180,0,0
393.3123251971829,-9.549446593974707,200.0,180,0,0
393.34200270920064,-10.23964216228267,200.0,180,0,0
393.3471400837695,-10.715399238128061,200.0,180,0,0
393.326223630168,-10.828837333599639,200.0,180,0,0
393.3353287092028,-11.257798928718529,200.0,180,0,0
393.4262877607197,-11.589857677657811,200.0,180,0,0
393.4656207847619,-11.78285352959118,200.0,180,0,0
393.56763436548476,-11.469807899903554,200.0,180,0,0
393.5492407297519,-11.63795252921683,200.0,180,0,0
393.61254052354576,-11.80094802388217,200.0,180,0,0
393.7381080492782,-11.958594945585743,200.0,180,0,0
393.73212209051724,-12.122400280676931,200.0,180,0,0
393.73021850976187,-12.332928573471412,200.0,180,0,0
393.8292735131661,-12.44381627596009,200.0,180,0,0
393.84392879151187,-12.625988066679309,200.0,180,0,0
393.8599372176235,-12.795401848898766,200.0,180,0,0
393.87252837225856,-13.010438656302826,200.0,180,0,0
394.10788434469066,-13.106507487715513,200.0,180,0,0
394.25074464017695,-13.329292171432549,200.0,180,0,0
394.34007532743317,-13.50166126684783,200.0,180,0,0
394.2716381590705,-13.616779479023782,200.0,180,0,0
394.17106946494505,-13.8988154727037,200.0,180,0,0
394.1096961866145,-14.126966860138301,200.0,180,0,0
394.0349290388725,-14.523160135936633,200.0,180,0,0
394.0367179460884,-14.71361768205764,200.0,180,0,0
393.88867440661755,-15.016836442100258,200.0,180,0,0
393.712719327637,-15.21509021321638,200.0,180,0,0
393.5750193414274,-15.540168621171661,200.0,180,0,0
393.4455529153526,-16.4311018741407,200.0,180,0,0
393.33626903222665,-17.377267452869717,200.0,180,0,0
393.3908995064357,-17.71475938496451,200.0,180,0,0
393.55756602871827,-17.69234372720723,200.0,180,0,0
393.5365578362853,-17.913212594394462,200.0,180,0,0
393.501444798496,-18.076310830009348,200.0,180,0,0
393.5266959118898,-18.346924447533628,200.0,180,0,0
393.4776385716996,-18.5117753228761,200.0,180,0,0
393.4567679875139,-18.75602682146341,200.0,180,0,0
393.37470760266086,-19.11542070656774,200.0,180,0,0
393.29847263361347,-19.487481946392812,200.0,180,0,0
393.2289804686876,-19.74012798491673,200.0,180,0,0
393.2320766542536,-20.06711012223128,200.0,180,0,0
393.180863451521,-20.551183171404794,200.0,180,0,0
393.12795308040427,-21.160624353367993,200.0,180,0,0
392.9868358227181,-21.659038830381363,200.0,180,0,0
392.80351870250274,-22.46814193882802,200.0,180,0,0
392.6883635341553,-23.171627351139286,200.0,180,0,0
392.6181145238689,-23.9024478996156,200.0,180,0,0
392.6220822283349,-23.960085572312053,200.0,180,0,0
392.5563054860882,-24.3030952977561,200.0,180,0,0
392.46669958233724,-24.597629425769277,200.0,180,0,0
392.4389715204906,-24.865559691434775,200.0,180,0,0
392.30218892259694,-25.289625982486964,200.0,180,0,0
392.1824926820859,-25.671230043449476,200.0,180,0,0
391.97406205672416,-25.87549718190679,200.0,180,0,0
391.8570491770371,-26.097725855779213,200.0,180,0,0
391.692905472623,-26.345367805701603,200.0,180,0,0
391.4177348472829,-26.749188086107566,200.0,180,0,0
391.1987083868729,-27.25009252025115,200.0,180,0,0
390.984314737458,-27.5106798298166,200.0,180,0,0
390.8638845862944,-28.097874574410014,200.0,180,0,0
390.7554722220685,-28.6426916991075,200.0,180,0,0
390.59029645579915,-29.09583972246705,200.0,180,0,0
390.444317040039,-29.823161035073458,200.0,180,0,0
390.3447116036452,-30.04684621299536,200.0,180,0,0
390.1198138580138,-30.316837341237086,200.0,180,0,0
390.01711223605406,-30.56401997867915,200.0,180,0,0
389.67988029114645,-30.702387863379297,200.0,180,0,0
389.45534950084135,-30.707277123860724,200.0,180,0,0
389.3205392878267,-30.90600229462771,200.0,180,0,0
389.0774772535414,-31.05967858081052,200.0,180,0,0
388.8319841402191,-31.327288536456837,200.0,180,0,0
388.52809926059274,-31.509424065664454,200.0,180,0,0
388.15378189301674,-31.782926516946613,200.0,180,0,0
387.9427137762468,-32.064358152099786,200.0,180,0,0
387.8731757419052,-32.163781173335956,200.0,180,0,0
387.7754509515589,-32.27380464313137,200.0,180,0,0
387.5242012265546,-32.450960258078545,200.0,180,0,0
387.30494541906575,-32.69314485050435,200.0,180,0,0
387.0919737215404,-32.86253445838274,200.0,180,0,0
386.7545124295538,-33.2221640433125,200.0,180,0,0
386.4903045945881,-33.49559397157146,200.0,180,0,0
386.17100759125543,-33.852926994099555,200.0,180,0,0
385.7234826360744,-34.484251998316495,200.0,180,0,0
385.10289237510756,-35.018637894842215,200.0,180,0,0
384.86746759855174,-35.3619195816233,200.0,180,0,0
384.4529227533256,-35.81207603027543,200.0,180,0,0
384.15756958503664,-36.179223835277995,200.0,180,0,0
383.6244752346944,-36.39258052597768,200.0,180,0,0
383.32823908015143,-36.50938489844327,200.0,180,0,0
382.9962018465823,-36.779932036529615,200.0,180,0,0
382.7921173483669,-36.98309319888297,200.0,180,0,0
382.29745010110486,-37.091484900656155,200.0,180,0,0
381.94256989847105,-36.929281115660864,200.0,180,0,0
381.8080922387209,-37.11912825966985,200.0,180,0,0
381.5912445755612,-37.20927437752036,200.0,180,0,0
381.32506435571634,-37.29380902644996,200.0,180,0,0
381.11193211523573,-37.36159690060323,200.0,180,0,0
380.92845445206507,-37.51668738573864,200.0,180,0,0
380.68661942465224,-37.57220073821356,200.0,180,0,0
380.47922086114573,-37.6283426235563,200.0,180,0,0
380.30179796085974,-37.772285715665745,200.0,180,0,0
379.99661727023727,-37.93521775268577,200.0,180,0,0
379.58239351092163,-38.024318330285,200.0,180,0,0
379.0366850712364,-38.15013066659185,200.0,180,0,0
378.8716239785065,-38.234553509194,200.0,180,0,0
378.5135443841211,-38.25850725940187,200.0,180,0,0
378.08133981381474,-38.45637726285349,200.0,180,0,0
377.4721022332567,-38.54483419862173,200.0,180,0,0
377.12012327117174,-38.568724491184284,200.0,180,0,0
376.58347404110555,-38.59182307407679,200.0,180,0,0
376.03464648114635,-38.658801107804216,200.0,180,0,0
375.7439375912064,-38.666213565134846,200.0,180,0,0
375.4088615088411,-38.65956864313319,200.0,180,0,0
375.12429912061737,-38.72377267122282,200.0,180,0,0
374.96357268767986,-38.772949324544726,200.0,180,0,0
374.71593517916926,-38.76755240290082,200.0,180,0,0
374.5476746946879,-38.77449950416585,200.0,180,0,0
374.37686845762994,-38.80244202065029,200.0,180,0,0
374.1209973889845,-38.814051747949215,200.0,180,0,0
373.73922624134224,-38.86878245613198,200.0,180,0,0
373.5640050730143,-38.933802368232726,200.0,180,0,0
373.206338303371,-39.014892173559836,200.0,180,0,0
372.9985269151224,-39.23028555249468,200.0,180,0,0
372.65053859221143,-39.49504595768736,200.0,180,0,0
372.333833210871,-39.666420883326126,200.0,180,0,0
372.1532453208953,-39.72517964108972,200.0,180,0,0
371.4627042008447,-39.845863995297066,200.0,180,0,0
370.9955471357044,-39.852508917298714,200.0,180,0,0
370.48075468226335,-39.956431387766564,200.0,180,0,0
369.903877974547,-40.18795811757308,200.0,180,0,0
369.5643410914958,-40.28059419255381,200.0,180,0,0
369.2128781603385,-40.45838438395407,200.0,180,0,0
368.9566286690128,-40.6159194993302,200.0,180,0,0
368.6543492189392,-40.667788569888785,200.0,180,0,0
368.3560604080395,-40.92286110789761,200.0,180,0,0
368.5099981674397,-41.0140346352436,200.0,180,0,0
368.1926506142782,-41.18113070251296,200.0,180,0,0
367.840281762159,-41.24088363005305,200.0,180,0,0
367.405130081888,-41.2498734631385,200.0,180,0,0
366.9585913191464,-41.29770844053102,200.0,180,0,0
366.72918690341345,-41.400938920485736,200.0,180,0,0
366.3982849378852,-41.517752358329226,200.0,180,0,0
366.0761210960655,-41.69178343969308,200.0,180,0,0
365.5062050721956,-41.94575302339058,200.0,180,0,0
365.2590950619666,-42.020920115155505,200.0,180,0,0
364.8268675569524,-42.14405816498147,200.0,180,0,0
364.379870100053,-42.19503278492048,200.0,180,0,0
363.8126489043609,-42.42460139310032,200.0,180,0,0
363.4534455092886,-42.30999084208684,200.0,180,0,0
363.0550925678372,-42.36158190772312,200.0,180,0,0
362.80240942358944,-42.579640507760956,200.0,180,0,0
362.5333050284879,-42.64866429510143,200.0,180,0,0
362.3243010354286,-42.71288041036159,200.0,180,0,0
361.868932410147,-42.76555932134603,200.0,180,0,0
361.5968923724347,-42.82845491322525,200.0,180,0,0
361.1016058880595,-42.86321157209883,200.0,180,0,0
360.67418320434956,-43.20162817273955,200.0,180,0,0
360.42432102917303,-43.28576092324886,200.0,180,0,0
360.1870958780474,-43.309962460452695,200.0,180,0,0
359.65307267203525,-43.40841548625342,200.0,180,0,0
359.3843008301982,-43.50853351979536,200.0,180,0,0
358.965123173977,-43.16814368856478,200.0,180,0,0
358.6460899197851,-43.254569979683126,200.0,180,0,0
358.22284135291227,-43.36933464212092,200.0,180,0,0
357.8538333702143,-43.38350684957329,200.0,180,0,0
357.52560329815594,-43.49011267189992,200.0,180,0,0
357.0561412948721,-43.438440017862526,200.0,180,0,0
356.66959972798736,-43.49267213026072,200.0,180,0,0
356.34302095489755,-43.55695774675145,200.0,180,0,0
355.8864941268672,-43.628864324264555,200.0,180,0,0
355.44057460123884,-43.82149756108188,200.0,180,0,0
354.88334147083566,-43.97383217133528,200.0,180,0,0
354.6014051066661,-43.9397100889148,200.0,180,0,0
354.27272780780385,-44.00057503614411,200.0,180,0,0
353.97807414810575,-44.051567786838916,200.0,180,0,0
353.42026765000514,-43.923930287781275,200.0,180,0,0
352.9235477463865,-44.08486794166302,200.0,180,0,0
352.2345891211807,-44.2281160214667,200.0,180,0,0
351.6542722072799,-44.32426946307313,200.0,180,0,0
351.20453405278687,-44.37351863941825,200.0,180,0,0
350.653195142313,-44.542742048701776,200.0,180,0,0
350.1930904998508,-44.58253301410321,200.0,180,0,0
349.39969868223915,-44.62759398585793,200.0,180,0,0
348.61647840757945,-44.78584828788089,200.0,180,0,0
348.1903744695736,-44.87777726338532,200.0,180,0,0
347.77564614668427,-45.08659522154909,200.0,180,0,0
347.31977295782895,-45.236612116852406,200.0,180,0,0
346.8862152397567,-45.23382904583671,200.0,180,0,0
346.33464698220394,-45.263258284296946,200.0,180,0,0
346.06909746682635,-45.327664772493044,200.0,180,0,0
345.9100567349192,-45.36452157724709,200.0,180,0,0
345.60796076250875,-45.377062016677215,200.0,180,0,0
345.40207588972345,-45.469897529971774,200.0,180,0,0
345.2490440512851,-45.451011326010736,200.0,180,0,0
345.0058902781683,-45.44060427218005,200.0,180,0,0
344.77984579714206,-45.43536448375309,200.0,180,0,0
344.56577323363774,-45.49871636632,200.0,180,0,0
344.2588609725691,-45.54607390047639,200.0,180,0,0
344.081896766441,-45.6020798051506,200.0,180,0,0
343.7288398730849,-45.600408753824134,200.0,180,0,0
343.20433457084977,-45.82432963157146,200.0,180,0,0
342.7978054060334,-45.90573068153985,200.0,180,0,0
342.38323762609934,-45.869753218442234,200.0,180,0,0
342.06053481864404,-45.88645466632905,200.0,180,0,0
341.55016876382706,-45.89326276513293,200.0,180,0,0
341.1294200801149,-45.95521253591777,200.0,180,0,0
340.76751038951085,-45.98116671284919,200.0,180,0,0
340.4700128260336,-45.95904719077002,200.0,180,0,0
340.0811663210053,-45.95249896613264,200.0,180,0,0
339.785239785019,-45.993262948762144,200.0,180,0,0
339.3366368985667,-45.9239913744257,200.0,180,0,0
338.95043935230046,-45.88858805192849,200.0,180,0,0
338.6485956616769,-45.92019298108505,200.0,180,0,0
338.2234091119868,-45.961053661078836,200.0,180,0,0
337.74992206746714,-46.05264117401565,200.0,180,0,0
337.2391202532001,-46.35933197379447,200.0,180,0,0
336.6396757929137,-46.413851156492875,200.0,180,0,0
336.213090226042,-46.50868709651099,200.0,180,0,0
335.76808808872954,-46.552672310088084,200.0,180,0,0
335.3875898173755,-46.65513827650646,200.0,180,0,0
335.0058989412108,-46.709207212102434,200.0,180,0,0
334.6361455805062,-46.88699740350269,200.0,180,0,0
334.39619119914084,-46.8467622345841,200.0,180,0,0
334.0936479999264,-46.958722673457764,200.0,180,0,0
333.77180524401723,-47.191542730511536,200.0,180,0,0
333.3989327630387,-47.21384658194136,200.0,180,0,0
332.98874551231285,-47.279207956609724,200.0,180,0,0
332.7088732718539,-47.34053825990463,200.0,180,0,0
332.6700448113855,-47.565719225180246,200.0,180,0,0
332.25137171873797,-47.63974105753697,200.0,180,0,0
331.33123123793723,-47.674824070015,200.0,180,0,0
330.5734914237504,-47.58743382704648,200.0,180,0,0
329.9709049084823,-47.62001479522375,200.0,180,0,0
329.37813444819375,-47.52076703796034,200.0,180,0,0
328.6796464518571,-47.63627808317868,200.0,180,0,0
328.05246246237016,-47.58968808435128,200.0,180,0,0
327.4467338921202,-47.386387919536766,200.0,180,0,0
326.8825171431626,-47.37949823233178,200.0,180,0,0
326.41538301273016,-47.289971581971194,200.0,180,0,0
325.9395336932971,-47.29690961785832,200.0,180,0,0
325.38017910241354,-47.41777830141633,200.0,180,0,0
324.8447454118658,-47.55184919699126,200.0,180,0,0
324.2587865598225,-47.59092097574585,200.0,180,0,0
323.8458242094412,-47.70718746912264,200.0,180,0,0
323.4707041270888,-47.71738299746897,200.0,180,0,0
322.9912081891003,-47.80254315747376,200.0,180,0,0
322.43227789031283,-47.865511272376175,200.0,180,0,0
321.9983302822064,-48.007045995756506,200.0,180,0,0
321.71031622044427,-48.01019168188825,200.0,180,0,0
321.2398450900129,-48.00191197007174,200.0,180,0,0
321.0709309663564,-48.336841422013094,200.0,180,0,0
320.8292679492528,-48.504070448158345,200.0,180,0,0
320.6736215541144,-48.781211137771564,200.0,180,0,0
320.3168148360173,-48.9991367789335,200.0,180,0,0
319.5557724238933,-49.177803290197545,200.0,180,0,0
318.7386775856708,-49.33543208114533,200.0,180,0,0
318.31858254113376,-49.50746877937089,200.0,180,0,0
317.6248764313935,-49.5075684985278,200.0,180,0,0
317.2879197029806,-49.47612674617346,200.0,180,0,0
316.8008323766784,-49.456605965759344,200.0,180,0,0
316.3930991396974,-49.46290035981547,200.0,180,0,0
316.0802697239915,-49.42506449424809,200.0,180,0,0
315.94784472059814,-49.24292594324784,200.0,180,0,0
315.7357216072649,-49.23796113795056,200.0,180,0,0
315.48793502315306,-49.329545629094746,200.0,180,0,0
315.2482673256364,-49.33777699222912,200.0,180,0,0
314.93179129137496,-49.42593477052661,200.0,180,0,0
314.728910865324,-49.489060018645986,200.0,180,0,0
314.30115562834953,-49.60410268600609,200.0,180,0,0
314.2071921300983,-49.73927049230708,200.0,180,0,0
313.4169653021763,-49.74874381221394,200.0,180,0,0
312.86269074909177,-49.75610792086242,200.0,180,0,0
312.26982854997163,-49.748632005886485,200.0,180,0,0
311.5383145742643,-49.77745688581998,200.0,180,0,0
311.0736344575768,-49.44871304339994,200.0,180,0,0
310.54392297664924,-49.37800309576982,200.0,180,0,0
310.0147275266493,-49.50911867814893,200.0,180,0,0
309.662610956317,-49.56652971639785,200.0,180,0,0
309.2404747227771,-49.536541446300355,200.0,180,0,0
308.86542344454847,-49.54526536163403,200.0,180,0,0
308.56672180890666,-49.640058996555275,200.0,180,0,0
308.4641348604864,-49.837814171886826,200.0,180,0,0
308.03133398777476,-49.803973116181275,200.0,180,0,0
307.2976182801093,-49.79413415936574,200.0,180,0,0
306.73822928716396,-49.820783348602916,200.0,180,0,0
306.33913096770596,-49.86653933266341,200.0,180,0,0
306.05042886470693,-49.938249493655306,200.0,180,0,0
305.55337640782375,-49.90057982668278,200.0,180,0,0
305.20586971377855,-49.90176134760258,200.0,180,0,0
304.825921875414,-49.91620249459935,200.0,180,0,0
304.5002719579941,-49.58282624407175,200.0,180,0,0
304.1858027106735,-49.61081106565305,200.0,180,0,0
303.9558822640128,-49.66970882587779,200.0,180,0,0
303.7738150853778,-49.75297432190121,200.0,180,0,0
303.53672754249953,-49.78993688939744,200.0,180,0,0
303.3360488484066,-49.85285967741034,200.0,180,0,0
303.0595021405927,-49.86957019067508,200.0,180,0,0
302.73628330220976,-49.85806018253306,200.0,180,0,0
302.3190092267439,-49.86693820929106,200.0,180,0,0
302.17231883503905,-49.93903213794745,200.0,180,0,0
301.2139920655909,-49.87036190034512,200.0,180,0,0
300.5484727118552,-49.866765967110936,200.0,180,0,0
299.88279281516424,-49.904405416157125,200.0,180,0,0
299.3351119905999,-49.813866465264226,200.0,180,0,0
298.90789571926103,-49.35804717721643,200.0,180,0,0
298.48097759912486,-49.303718367453946,200.0,180,0,0
298.11335716625456,-49.32723697952255,200.0,180,0,0
297.8544357814589,-49.35241455574708,200.0,180,0,0
297.593163589104,-49.33418408078757,200.0,180,0,0
297.43923729705773,-49.32645735702304,200.0,180,0,0
297.25843152735706,-49.303654909808635,200.0,180,0,0
297.0067116408409,-49.279386893166865,200.0,180,0,0
296.8454347749139,-49.25927686318915,200.0,180,0,0
296.64319652068406,-49.40490913738087,200.0,180,0,0
296.52841977501686,-49.34923562989637,200.0,180,0,0
296.20256344522585,-49.29991997411331,200.0,180,0,0
295.56673307086197,-49.313732588242246,200.0,180,0,0
294.90424109856855,-49.34204980701327,200.0,180,0,0
294.5041107172553,-49.374691211043206,200.0,180,0,0
294.2343412156247,-49.266066831237225,200.0,180,0,0
293.89662764185124,-49.295882859154595,200.0,180,0,0
293.3451167210682,-49.32032916156176,200.0,180,0,0
292.9962454119032,-49.36796167884781,200.0,180,0,0
292.7748681439339,-49.32021131164904,200.0,180,0,0
292.454722556409,-49.39621846176616,200.0,180,0,0
292.12343070084654,-49.388038469106554,200.0,180,0,0
291.8696581579737,-49.427212988810695,200.0,180,0,0
291.5474599140921,-49.409393477649374,200.0,180,0,0
291.4262270481521,-49.26853563581901,200.0,180,0,0
291.09031384894854,-49.24387780792748,200.0,180,0,0
290.8343969108873,-49.23027369749026,200.0,180,0,0
290.42762693163803,-49.24026978752276,200.0,180,0,0
290.1314022444491,-49.204491762738975,200.0,180,0,0
289.63110452639853,-49.131421795061875,200.0,180,0,0
288.979483605648,-49.31637967858943,200.0,180,0,0
288.496100234671,-49.326188417478626,200.0,180,0,0
288.1202691763738,-49.15876297481219,200.0,180,0,0
287.6292829497292,-49.03519885222486,200.0,180,0,0
287.11772429010165,-48.85969313605573,200.0,180,0,0
286.7026978160097,-48.89486378052014,200.0,180,0,0
286.11200294678576,-48.79803647915637,200.0,180,0,0
285.68622009469044,-48.802943870393605,200.0,180,0,0
285.30089980100115,-48.78571965238114,200.0,180,0,0
284.891440727251,-48.77237239431779,200.0,180,0,0
284.61724482699645,-48.485694927152416,200.0,180,0,0
284.44014874629795,-48.445181753311516,200.0,180,0,0
283.92625648014183,-48.34028324382295,200.0,180,0,0
283.1605009855453,-48.278635652301496,200.0,180,0,0
282.5082378929737,-48.14905211878771,200.0,180,0,0
282.0679775065188,-48.02262031499094,200.0,180,0,0
281.47345827475317,-47.84740771270728,200.0,180,0,0
281.0311509656185,-47.86274028853101,200.0,180,0,0
280.71191129905554,-47.83697346274288,200.0,180,0,0
280.27697749850955,-47.884711742771124,200.0,180,0,0
280.05033671507806,-47.859763822786746,200.0,180,0,0
279.8458852615362,-47.839502703177345,200.0,180,0,0
279.6457856688177,-47.857832897293775,200.0,180,0,0
279.39237434759417,-47.762311010347794,200.0,180,0,0
279.1697242033366,-47.62006918749116,200.0,180,0,0
278.91255732369507,-47.498671690222245,200.0,180,0,0
278.6158452739633,-47.44265974196275,200.0,180,0,0
278.33414399054965,-47.30568490366678,200.0,180,0,0
278.1228694614087,-47.08380373594724,200.0,180,0,0
277.89907831543326,-46.963185861177834,200.0,180,0,0
277.5468814736233,-46.803601970396016,200.0,180,0,0
277.33408752008415,-46.54622078281499,200.0,180,0,0
277.0197157452722,-46.34485758707873,200.0,180,0,0
276.928395472106,-46.242198225931794,200.0,180,0,0
276.8057005185376,-46.1963878496039,200.0,180,0,0
276.6316490203124,-46.26838810268865,200.0,180,0,0
276.42173910629117,-46.24978896902782,200.0,180,0,0
276.1304797833618,-46.18080748678421,200.0,180,0,0
275.9492898573038,-46.02974202943698,200.0,180,0,0
275.7323733900203,-45.98715892764194,200.0,180,0,0
275.31893514445017,-45.82632099291711,200.0,180,0,0
275.0843646857635,-45.54524592929473,200.0,180,0,0
274.7267667202439,-45.27127812194697,200.0,180,0,0
274.3886689901132,-45.06594731248257,200.0,180,0,0
273.9857061723747,-44.79798682889073,200.0,180,0,0
273.65784305564273,-44.69556618936186,200.0,180,0,0
273.44659719488664,-44.58556387211488,200.0,180,0,0
273.10338502489503,-44.438109456964995,200.0,180,0,0
273.0012338359248,-44.22937006540971,200.0,180,0,0
272.78932860231663,-43.99848395564155,200.0,180,0,0
272.6310504494471,-43.883235806382345,200.0,180,0,0
272.4665168549988,-43.835415937952995,200.0,180,0,0
272.2548811042085,-43.66192575747059,200.0,180,0,0
272.07238389980046,-43.469056820827845,200.0,180,0,0
271.6930266301642,-43.288595364739336,200.0,180,0,0
271.28246669043506,-43.38461584746988,200.0,180,0,0
270.8643268297462,-43.09024489625893,200.0,180,0,0
270.3895554415842,-42.600496920519205,200.0,180,0,0
269.946709166814,-42.397178624948886,200.0,180,0,0
269.48139261198236,-42.16794543575139,200.0,180,0,0
269.0159212478724,-41.905261002098115,200.0,180,0,0
268.6655362479862,-41.78000769742851,200.0,180,0,0
268.12830218286865,-41.610660394647,200.0,180,0,0
267.61626189437527,-41.35137245591407,200.0,180,0,0
266.9796517399429,-40.784901165203024,200.0,180,0,0
266.4953853827119,-40.41175812361506,200.0,180,0,0
266.1302533656484,-39.86838541579652,200.0,180,0,0
265.66965562696635,-39.61547950310611,200.0,180,0,0
265.28249482296843,-39.473573099231814,200.0,180,0,0
265.1094983213065,-39.45000613848108,200.0,180,0,0
264.8505081323871,-39.34313137661004,200.0,180,0,0
264.6555631152683,-39.22881393948204,200.0,180,0,0
264.391068596454,-39.30230091454259,200.0,180,0,0
264.0818972666575,-39.17761570688814,200.0,180,0,0
263.6892608011493,-38.911785587103104,200.0,180,0,0
263.3537374919799,-38.6016680744776,200.0,180,0,0
262.93893463128995,-38.432973478904984,200.0,180,0,0
262.5070511468941,-38.35826569962038,200.0,180,0,0
262.046728624707,-38.254992914568795,200.0,180,0,0
261.486571319047,-38.10300278867563,200.0,180,0,0
261.0256467607775,-37.817089835046595,200.0,180,0,0
260.6196164258578,-37.514650697503484,200.0,180,0,0
260.3239651063663,-37.219460840488786,200.0,180,0,0
259.99846426454764,-37.17432432391822,200.0,180,0,0
259.6865293024497,-37.12506910398783,200.0,180,0,0
259.29577921666595,-36.97425143363657,200.0,180,0,0
258.9656627648831,-36.90491337986217,200.0,180,0,0
258.68125518593774,-37.023730266221854,200.0,180,0,0
258.6446456584582,-37.01350451994919,200.0,180,0,0
258.35933215855096,-37.00827077510751,200.0,180,0,0
258.0357807669035,-36.949043639485694,200.0,180,0,0
257.8748823236567,-36.8403558020344,200.0,180,0,0
257.6662395522469,-36.85066615850081,200.0,180,0,0
257.4400517292963,-36.86605312659194,200.0,180,0,0
257.17944464347033,-36.79596566824438,200.0,180,0,0
256.93835499406407,-36.736430309773915,200.0,180,0,0
256.8163824837945,-36.6180485615535,200.0,180,0,0
256.60071022441434,-36.351701715228096,200.0,180,0,0
256.4759454134583,-36.18697171159097,200.0,180,0,0
256.1371883104756,-35.996296596400335,200.0,180,0,0
255.61720687937307,-35.79050043087034,200.0,180,0,0
255.0397052008665,-35.399716163886445,200.0,180,0,0
254.60769557557728,-34.79427583537035,200.0,180,0,0
254.22392337467105,-33.8983928860672,200.0,180,0,0
253.81795037652117,-33.50665373261104,200.0,180,0,0
253.54533697111142,-33.09843976571559,200.0,180,0,0
253.26569981140844,-32.793087620073536,200.0,180,0,0
252.94707364828173,-32.691096075098656,200.0,180,0,0
252.48681993021822,-32.51285865838861,200.0,180,0,0
252.41168009347282,-32.55223261640657,200.0,180,0,0
252.18150163134834,-32.486581149645374,200.0,180,0,0
251.79577424659388,-32.41966657356326,200.0,180,0,0
251.55592307141404,-32.347536383395266,200.0,180,0,0
251.3254636591178,-32.2604543632754,200.0,180,0,0
251.00733632588785,-32.08551674412141,200.0,180,0,0
250.79309175207425,-31.9632066654771,200.0,180,0,0
250.59704586897647,-31.709593653310385,200.0,180,0,0
250.3169098793767,-31.479840715779883,200.0,180,0,0
250.02426874029655,-31.337453846876826,200.0,180,0,0
249.49095077655232,-31.04453335613008,200.0,180,0,0
248.97030423892076,-30.756659259081733,200.0,180,0,0
248.62219550879328,-30.567132425091923,200.0,180,0,0
248.20769079930594,-30.641420175200434,200.0,180,0,0
247.83613133035448,-30.324228646019282,200.0,180,0,0
247.53086463457737,-29.971392050930216,200.0,180,0,0
247.33641844735533,-29.20242439224524,200.0,180,0,0
247.1241347910669,-28.684168824798565,200.0,180,0,0
246.80230350251165,-28.389308343180943,200.0,180,0,0
246.74421562108722,-28.032585722764868,200.0,180,0,0
246.35962923805067,-27.674050026768523,200.0,180,0,0
246.19267029824235,-27.54896594248642,200.0,180,0,0
246.12909528795373,-27.487617508435694,200.0,180,0,0
245.9015084478215,-27.48470450033675,200.0,180,0,0
245.73186041351232,-27.350972045536796,200.0,180,0,0
245.71443003551113,-27.322953984236523,200.0,180,0,0
245.72635034994022,-27.25984686687295,200.0,180,0,0
245.52828047887056,-27.105203607047343,200.0,180,0,0
245.3678120613969,-26.974698426780254,200.0,180,0,0
245.17204139479387,-26.849801693641435,200.0,180,0,0
245.1053988673241,-26.792296979820872,200.0,180,0,0
244.8913607058816,-26.713349625471096,200.0,180,0,0
244.73963614579344,-26.578964463462253,200.0,180,0,0
244.60977409600744,-26.407628821127716,200.0,180,0,0
244.41016186583175,-26.224786192443805,200.0,180,0,0
244.02604564430706,-25.907219960976064,200.0,180,0,0
243.60529122691798,-25.271017783448237,200.0,180,0,0
243.2096273799675,-24.832706761920473,200.0,180,0,0
243.01186712745442,-24.62645128391014,200.0,180,0,0
242.8456994350685,-24.519516086186425,200.0,180,0,0
242.811085227176,-24.42054633384532,200.0,180,0,0
242.65370152791436,-24.331959460993833,200.0,180,0,0
242.6058941293045,-24.226668118462893,200.0,180,0,0
242.38878271700392,-24.037068761449877,200.0,180,0,0
242.0843760727729,-24.045541867994956,200.0,180,0,0
241.87774008830397,-23.272228871502627,200.0,180,0,0
241.74653062442903,-22.186909741988682,200.0,180,0,0
241.66613300589844,-21.631727868557384,200.0,180,0,0
241.50570472416362,-21.019313242642564,200.0,180,0,0
241.31675713315974,-20.277608197099422,200.0,180,0,0
241.05243462465452,-19.92818018410125,200.0,180,0,0
240.88025230512284,-19.664976002114965,200.0,180,0,0
240.7135915165172,-19.297840284282927,200.0,180,0,0
240.60555184129456,-19.12410533859718,200.0,180,0,0
240.54455698564428,-18.846305898189804,200.0,180,0,0
240.51685185850553,-18.677768435834135,200.0,180,0,0
240.46558131900326,-18.60861168961777,200.0,180,0,0
240.45734775886848,-18.543093181732452,200.0,180,0,0
240.44398829151885,-18.42873646130021,200.0,180,0,0
240.32231393245183,-18.285823800478884,200.0,180,0,0
240.25188144450223,-18.209070267581225,200.0,180,0,0
240.1934036730436,-18.12501608368039,200.0,180,0,0
240.09803542393365,-17.950616343615216,200.0,180,0,0
240.18306011978234,-17.984466464698663,200.0,180,0,0
240.13816542907526,-17.82226872328864,200.0,180,0,0
240.17656386377067,-17.58413937657734,200.0,180,0,0
240.13589489299352,-17.38000519699591,200.0,180,0,0
240.10501330881112,-17.131728670620426,200.0,180,0,0
240.10947410949694,-16.838663133827257,200.0,180,0,0
239.99248989819478,-16.174400589902277,200.0,180,0,0
239.83825972126894,-15.465741868602004,200.0,180,0,0
239.76940972816413,-15.092840570424741,200.0,180,0,0
239.6100249756386,-14.649483155198588,200.0,180,0,0
239.62442797219748,-14.354344668658662,200.0,180,0,0
239.5902667247859,-14.047946982765321,200.0,180,0,0
239.4525982737997,-13.776197171210741,200.0,180,0,0
239.4104270796553,-13.580499836662787,200.0,180,0,0
239.3204398863856,-13.290764315352032,200.0,180,0,0
239.2121049267988,-12.955937604360221,200.0,180,0,0
239.16791261152105,-12.755284529892888,200.0,180,0,0
239.11730144487083,-12.524594836645923,200.0,180,0,0
239.06710596980125,-12.131042607609503,200.0,180,0,0
238.74973548193185,-11.7224841563538,200.0,180,0,0
238.66984242697498,-11.415367283813625,200.0,180,0,0
238.66214496563725,-11.20996999491128,200.0,180,0,0
238.56778584367478,-10.969507824286715,200.0,180,0,0
238.57124038405166,-10.4700780249484,200.0,180,0,0
238.49706667187647,-10.093556619195885,200.0,180,0,0
238.44650997515748,-9.404533506429823,200.0,180,0,0
238.3722617251816,-8.682083323549042,200.0,180,0,0
238.43305016846082,-8.353118890266737,200.0,180,0,0
238.48775804730903,-8.129300753468955,200.0,180,0,0
238.62415648884547,-7.9627214127399695,200.0,180,0,0
238.77037385220004,-7.860602952474479,200.0,180,0,0
238.89320928085428,-7.756610980776055,200.0,180,0,0
238.93501065283385,-7.636808990017768,200.0,180,0,0
238.99279178254017,-7.579902591138686,200.0,180,0,0
239.0680032902477,-7.513090756006119,200.0,180,0,0
239.10277517425698,-7.5151516185823475,200.0,180,0,0
239.1324469525979,-7.478757148101269,200.0,180,0,0
239.2368830118423,-7.444556499072306,200.0,180,0,0
239.40914846969014,-7.280926427953875,200.0,180,0,0
239.5352090916423,-7.126615565317979,200.0,180,0,0
239.61184828491636,-6.932030250459249,200.0,180,0,0
239.78181167145905,-6.696584255606735,200.0,180,0,0
239.85419934325685,-6.433295463426701,200.0,180,0,0
239.87931284840334,-6.306597741878158,200.0,180,0,0
239.91229295835825,-6.168060636790522,200.0,180,0,0
240.00004115076962,-5.927683076359702,200.0,180,0,0
240.00348135695407,-5.7804250777310155,200.0,180,0,0
240.0159521043727,-5.686398978138753,200.0,180,0,0
240.06785908201905,-5.600060319006789,200.0,180,0,0
240.09871773149356,-5.4908285588814145,200.0,180,0,0
240.08764026757967,-5.44095689325374,200.0,180,0,0
240.0909485991937,-5.433517239789409,200.0,180,0,0
240.08508878132616,-5.437608747015528,200.0,180,0,0
240.07354688957736,-5.397479340839115,200.0,180,0,0
240.2192166867809,-5.665742003694327,200.0,180,0,0
240.20063957338488,-5.649019403259067,200.0,180,0,0
240.20028981908945,-5.608618035745615,200.0,180,0,0
240.2472658345381,-5.549215636151042,200.0,180,0,0
240.26170323315884,-5.476142646681312,200.0,180,0,0
240.22685394451037,-5.386020703171873,200.0,180,0,0
240.2234366730338,-5.332256968631909,200.0,180,0,0
240.21805848403213,-5.324134390032345,200.0,180,0,0
240.20141361977636,-5.219604539245111,200.0,180,0,0
240.17998686892423,-5.121940201321793,200.0,180,0,0
240.14539559573961,-4.956563534061046,200.0,180,0,0
240.22816122286045,-4.724296465059253,200.0,180,0,0
240.36802853896623,-4.655822643978116,200.0,180,0,0
240.4274122313868,-4.580978884024999,200.0,180,0,0
240.4068799341426,-4.414840725020542,200.0,180,0,0
240.57874690144072,-4.206772171429949,200.0,180,0,0
240.6524877210044,-4.022056031313098,200.0,180,0,0
240.69456144264024,-3.9369260892346425,200.0,180,0,0
240.77821005601513,-3.8457888234002597,200.0,180,0,0
240.85801137214037,-3.6435825475191717,200.0,180,0,0
240.8997296058038,-3.4633023989886906,200.0,180,0,0
240.77056706460866,-3.1629241240218122,200.0,180,0,0
240.94901055939604,-2.8818127988878257,200.0,180,0,0
241.03508451813096,-2.7122056219398067,200.0,180,0,0
241.14002227411063,-2.456827882874972,200.0,180,0,0
241.30356967611934,-2.132807102341509,200.0,180,0,0
241.41619629292126,-2.1049945229403253,200.0,180,0,0
241.4711421193639,-1.8753926750415157,200.0,180,0,0
241.51393255062146,-1.7205378897315413,200.0,180,0,0
241.55941781005686,-1.6447029817945498,200.0,180,0,0
241.62427716398764,-1.5992673077532427,200.0,180,0,0
241.66981402651584,-1.547322692378804,200.0,180,0,0
241.77458550586323,-1.3922865995108051,200.0,180,0,0
241.83077554020923,-1.3162220353336462,200.0,180,0,0
241.8916499886431,-1.071251350099502,200.0,180,0,0
242.0711943494095,-0.7081346164703757,200.0,180,0,0
242.1702149507519,-0.36661765658740386,200.0,180,0,0
242.30954903489908,-0.1446730312225572,200.0,180,0,0
242.377034412884,-0.03779222576625295,200.0,180,0,0
242.38871391288023,0.1410918545674284,200.0,180,0,0
242.57621088360966,0.2601142228262042,200.0,180,0,0
242.71414595057516,0.33457119332219903,200.0,180,0,0
242.82201934916557,0.3608245277243599,200.0,180,0,0
242.9274960707808,0.430839463048718,200.0,180,0,0
242.9938576480788,0.4690167911837167,200.0,180,0,0
243.067707407505,0.5428694031529586,200.0,180,0,0
243.09788948309657,0.5769552240618391,200.0,180,0,0
243.14180371504108,0.6102795532270111,200.0,180,0,0
243.15835684046522,0.6395002879955279,200.0,180,0,0
243.19859578546934,0.6761002403757026,200.0,180,0,0
243.25463674421403,0.7135885997902047,200.0,180,0,0
243.29117173389287,0.7772396398278512,200.0,180,0,0
243.34984445036866,0.8517570461765225,200.0,180,0,0
243.3679800706377,0.8821441929016751,200.0,180,0,0
243.38004372699115,0.9136070978044454,200.0,180,0,0
243.3879562012154,0.9088447526136301,200.0,180,0,0
243.3884034280194,0.9135829234633748,200.0,180,0,0
243.38946989193656,0.9058350471504005,200.0,180,0,0
243.41015699845903,0.9072794640293397,200.0,180,0,0
243.46631836442018,0.935158522868464,200.0,180,0,0
243.5053360362288,0.9488049384025529,200.0,180,0,0
243.6684247440796,0.9543650368486825,200.0,180,0,0
243.84421928010497,1.040746001077517,200.0,180,0,0
244.0425586339924,1.170616604891513,200.0,180,0,0
244.22095625936402,1.3038111806026529,200.0,180,0,0
244.3529799053692,1.384891920551863,200.0,180,0,0
244.42496048610184,1.1158315044413354,200.0,180,0,0
244.69037239323214,1.281903184007848,200.0,180,0,0
244.93144484160743,1.4801267371976328,200.0,180,0,0
245.07806069551168,1.6710738137253096,200.0,180,0,0
245.20518778138103,1.9380794108448742,200.0,180,0,0
245.33234353563526,2.174619294630812,200.0,180,0,0
245.44888052013349,2.25033937444772,200.0,180,0,0
245.65020138604746,2.3567910853500296,200.0,180,0,0
245.74237024340584,2.408016514077632,200.0,180,0,0
245.852508444401,2.481621339050905,200.0,180,0,0
245.9667003550168,2.5775753423435117,200.0,180,0,0
246.0339965216616,2.6596895353734693,200.0,180,0,0
246.09432053710594,2.704714245616583,200.0,180,0,0
246.1991894889619,2.733620713951189,200.0,180,0,0
246.27810781883318,2.87129358634557,200.0,180,0,0
246.28149068824786,2.971913237464711,200.0,180,0,0
246.41156488408188,3.108353218464515,200.0,180,0,0
246.5884144166705,3.227393717479092,200.0,180,0,0
246.72863722074868,3.268647230515266,200.0,180,0,0
246.82309381521966,3.412273034398165,200.0,180,0,0
246.9171375849486,3.542252422746979,200.0,180,0,0
246.9216213203423,3.721420551588235,200.0,180,0,0
247.03921330140378,3.7207859751351435,200.0,180,0,0
247.17564614500208,3.726497163212961,200.0,180,0,0
247.4307775693178,3.6711620965034375,200.0,180,0,0
247.58564418438777,3.76692874865275,200.0,180,0,0
247.6830880245623,3.760540679024968,200.0,180,0,0
247.9236501756869,3.7467733917855313,200.0,180,0,0
248.22600989723813,3.888344376677469,200.0,180,0,0
248.5515967442114,3.9700657366650365,200.0,180,0,0
248.94446255679853,4.097283206546587,200.0,180,0,0
249.1185828591475,4.10188237493518,200.0,180,0,0
249.32773592780805,4.231656281384895,200.0,180,0,0
249.43317251368447,4.3419396253468205,200.0,180,0,0
249.5917832198185,4.3331401651972925,200.0,180,0,0
249.81450216819977,4.255214176757735,200.0,180,0,0
249.94790189667876,4.238503663493008,200.0,180,0,0
250.10793455470238,4.19926870793619,200.0,180,0,0
250.26555906839687,4.215646824011201,200.0,180,0,0
250.50262941024425,4.134100727996392,200.0,180,0,0
250.8533698981028,4.064351710423805,200.0,180,0,0
251.01341402348038,4.115698010856757,200.0,180,0,0
251.27911261445934,3.9216203571604997,200.0,180,0,0
251.4277811247203,3.98465495150086,200.0,180,0,0
251.66306829302874,3.906686657964429,200.0,180,0,0
251.83242390981226,4.12313766432109,200.0,180,0,0
251.97522113485178,4.194367360284222,200.0,180,0,0
252.18587069320253,4.209035141728523,200.0,180,0,0
252.45667225668845,4.303502423045317,200.0,180,0,0
252.57440757967424,4.297253355878689,200.0,180,0,0
252.50066102643365,4.348690310090651,200.0,180,0,0
252.59471052983952,4.380890532396065,200.0,180,0,0
252.85671089917017,4.41193038633011,200.0,180,0,0
253.1296797925523,4.504620853578247,200.0,180,0,0
253.4085371721868,4.544901349386349,200.0,180,0,0
253.6332113044162,4.604472969368412,200.0,180,0,0
253.80128831123443,4.667422953515026,200.0,180,0,0
254.1983798437515,4.717548449723937,200.0,180,0,0
254.54085236941341,4.865912424456581,200.0,180,0,0
254.99171432459343,4.994465526682257,200.0,180,0,0
255.41749717668876,5.0325340702824395,200.0,180,0,0
255.7884087401422,5.114303778952149,200.0,180,0,0
256.2594876403328,5.092619395012245,200.0,180,0,0
256.55761017460014,5.164574321207481,200.0,180,0,0
256.9137288514604,5.205688831782502,200.0,180,0,0
257.0924188943577,5.265641197636419,200.0,180,0,0
257.24961911595614,5.261005767736221,200.0,180,0,0
257.4119509784463,5.323442047135096,200.0,180,0,0
257.55587773784976,5.333311221876976,200.0,180,0,0
257.80176647488327,5.416053947774757,200.0,180,0,0
257.97711378410463,5.494052459237526,200.0,180,0,0
258.36548439394414,5.652098257568757,200.0,180,0,0
258.6087987100163,5.712576415340948,200.0,180,0,0
258.7437924006941,5.8843109343031434,200.0,180,0,0
259.0571779830665,5.972341797310014,200.0,180,0,0
259.2953778592778,6.010452646007068,200.0,180,0,0
259.5448501444201,6.0458076198221296,200.0,180,0,0
259.6879168522774,6.008434088527714,200.0,180,0,0
259.90841113399273,6.003242648782903,200.0,180,0,0
260.0340703985567,6.046085624744438,200.0,180,0,0
260.2548972335365,6.015601780655007,200.0,180,0,0
260.4001083365821,6.010096074476287,200.0,180,0,0
260.50954702898645,5.948675117402358,200.0,180,0,0
260.8144009000214,5.821735652443113,200.0,180,0,0
261.0400382899825,5.788906897269878,200.0,180,0,0
261.4422155939755,5.670229013371353,200.0,180,0,0
261.9570711178632,5.6356294877147315,200.0,180,0,0
262.36991306102806,5.599682242543451,200.0,180,0,0
262.7825772602067,5.496445719003469,200.0,180,0,0
263.1122980882783,5.435798340843784,200.0,180,0,0
263.2994453047123,5.390042356783298,200.0,180,0,0
263.65937114308343,5.302029624532231,200.0,180,0,0
263.8835005760003,5.272905587127991,200.0,180,0,0
264.3616777682848,5.201313276048808,200.0,180,0,0
264.64611974929204,5.169632802076405,200.0,180,0,0
265.0668282972654,5.0967955124321085,200.0,180,0,0
265.44943656174587,5.090933234722601,200.0,180,0,0
265.62359126615667,5.098795939155661,200.0,180,0,0
266.022374233381,5.273086894686018,200.0,180,0,0
266.27501724189,5.282659933749789,200.0,180,0,0
266.42252181572525,5.304525625247721,200.0,180,0,0
266.8054855681782,5.362955007614219,200.0,180,0,0
267.0993709151617,5.427851026216979,200.0,180,0,0
267.50072256967053,5.387504050970936,200.0,180,0,0
268.13814690623315,5.271128773059338,200.0,180,0,0
268.5079174679687,5.1092452980832235,200.0,180,0,0
268.85158259844127,5.122795016253031,200.0,180,0,0
269.05769108462863,5.112279177887525,200.0,180,0,0
269.2271728423055,5.144703012847835,200.0,180,0,0
269.5465787855007,5.077335167870656,200.0,180,0,0
269.67379187652466,5.0734068374467585,200.0,180,0,0
269.942506381592,5.110907284031796,200.0,180,0,0
270.11304313583213,5.179465715306679,200.0,180,0,0
270.4916779621696,5.1233510260976445,200.0,180,0,0
270.68745436244967,5.17463689067792,200.0,180,0,0
270.9711165633885,5.127883715048295,200.0,180,0,0
271.321191944718,5.1283792890402315,200.0,180,0,0
271.4508991852257,5.1558896891780375,200.0,180,0,0
271.56776298931146,5.198648054945828,200.0,180,0,0
271.6978945219152,5.221057669117835,200.0,180,0,0
271.91466191359734,5.2102336079036835,200.0,180,0,0
272.17831931557356,5.099696433360523,200.0,180,0,0
272.3510291333869,5.106978953607899,200.0,180,0,0
272.6814552037263,5.057584731216361,200.0,180,0,0
272.76266127071017,5.081456893023112,200.0,180,0,0
272.92849640983155,5.10181168820416,200.0,180,0,0
273.1017623943114,5.001874962220251,200.0,180,0,0
273.3232199337583,4.925000557617243,200.0,180,0,0
273.49207672064506,4.900246032361432,200.0,180,0,0
273.88112963804446,4.843230848947535,200.0,180,0,0
274.1760986499761,4.83082336839329,200.0,180,0,0
274.46652085606735,4.756203221095073,200.0,180,0,0
274.68431457592783,4.744345706800175,200.0,180,0,0
274.93614913598344,4.713529465521029,200.0,180,0,0
275.2921302045964,4.682072604203524,200.0,180,0,0
275.5810731220282,4.6907391054771645,200.0,180,0,0
275.86651849650593,4.650174561161489,200.0,180,0,0
276.1579956991604,4.648035131976783,200.0,180,0,0
276.504734080491,4.635349646500234,200.0,180,0,0
276.5383563622671,4.740163545795041,200.0,180,0,0
276.9647813861835,4.745929126140267,200.0,180,0,0
277.1630003328545,4.717548449723937,200.0,180,0,0
277.3439035750638,4.70715952664905,200.0,180,0,0
277.48617903549865,4.7246436188280185,200.0,180,0,0
277.69991904573857,4.706005201862951,200.0,180,0,0
277.9550103343155,4.713601988544237,200.0,180,0,0
278.18358336688726,4.683946115636458,200.0,180,0,0
278.4099087980852,4.659536074740898,200.0,180,0,0
278.7957221879942,4.630762565282177,200.0,180,0,0
278.98883816215823,4.638462092913012,200.0,180,0,0
279.46335726853334,4.609380360605647,200.0,180,0,0
280.08890716008267,4.56566106478032,200.0,180,0,0
280.6057694709113,4.469120833716764,200.0,180,0,0
280.9042302921202,4.5444239061502145,200.0,180,0,0
281.3807103160204,4.399571254458007,200.0,180,0,0
281.56385542592653,4.402901269940415,200.0,180,0,0
281.88893197564914,4.435820678892663,200.0,180,0,0
282.065047597585,4.394663863220769,200.0,180,0,0
282.29555861297405,4.367763865194983,200.0,180,0,0
282.5815601541183,4.434690528447633,200.0,180,0,0
282.9244569718763,4.359526458475338,200.0,180,0,0
283.26936631025217,4.33410109525483,200.0,180,0,0
283.4387505954205,4.2130359951756295,200.0,180,0,0
283.82204116746095,4.184389401007528,200.0,180,0,0
284.26051838037694,4.1297009979216295,200.0,180,0,0
284.69308417233265,4.020940637447124,200.0,180,0,0
284.8152229592345,4.101936767202587,200.0,180,0,0
285.12588504504424,4.086030050778443,200.0,180,0,0
285.5879735397395,3.9365721871123753,200.0,180,0,0
285.8782065344906,3.989755737466658,200.0,180,0,0
286.22042104468863,3.7982949561912416,200.0,180,0,0
286.35802929206665,3.748241983005541,200.0,180,0,0
286.5571484260226,3.68445194050674,200.0,180,0,0
286.66550918715575,3.735943286986112,200.0,180,0,0
286.75455319056323,3.744712529209302,200.0,180,0,0
286.8321011716377,3.762021357415515,200.0,180,0,0
286.8275428984433,3.7656233342349634,200.0,180,0,0
286.81002078161055,3.846740335695778,200.0,180,0,0
286.82253166476795,3.827352514157535,200.0,180,0,0
286.8273020840104,3.8205836986578996,200.0,180,0,0
286.87376780220836,3.8372398196552178,200.0,180,0,0
286.969210589119,3.797170849331481,200.0,180,0,0
287.1417311955921,3.7565096076515245,200.0,180,0,0
287.323838509966,3.7166944679090235,200.0,180,0,0
287.53599602536093,3.698509319839019,200.0,180,0,0
287.7368925991788,3.838351839344443,200.0,180,0,0
287.9691753207528,3.7252280103067785,200.0,180,0,0
288.10192141005683,3.7892658398015477,200.0,180,0,0
288.36114094605506,3.98666142180968,200.0,180,0,0
288.49087112127063,4.007946929121929,200.0,180,0,0
288.76396615554614,3.993726372987425,200.0,180,0,0
289.1361391279339,3.9816815075492342,200.0,180,0,0
289.37302025844116,3.7711894762663607,200.0,180,0,0
289.6596926397913,3.4579806697765116,200.0,180,0,0
289.9133963785405,3.2203227227160793,200.0,180,0,0
290.27452628907605,3.125692264597064,200.0,180,0,0
290.546875945345,3.052812669855895,200.0,180,0,0
290.79993751227306,3.1243747630087424,200.0,180,0,0
291.1830503403273,3.0099213452122187,200.0,180,0,0
291.6104615566833,3.050401279334151,200.0,180,0,0
292.15308527815654,2.9362983894831443,200.0,180,0,0
292.585026099322,2.7812683402004112,200.0,180,0,0
292.86615974871523,2.6804492507674413,200.0,180,0,0
293.22120049430436,2.695286252599233,200.0,180,0,0
293.4359955011074,2.583975499141827,200.0,180,0,0
293.63024100963537,2.604457209613494,200.0,180,0,0
293.80870743913067,2.703124782691222,200.0,180,0,0
293.9086683634968,2.7417553797212877,200.0,180,0,0
294.0444303668892,2.7761192055524733,200.0,180,0,0
294.2156264939813,2.783613251284213,200.0,180,0,0
294.52148375848674,2.819258317192118,200.0,180,0,0
294.83737495769685,2.752289348842595,200.0,180,0,0
295.30611451768203,2.7020248501725304,200.0,180,0,0
295.44240401935593,2.658595646440047,200.0,180,0,0
295.50940776847506,2.6349168793618554,200.0,180,0,0
295.8040270261113,2.5810685346281446,200.0,180,0,0
295.973124627431,2.5290513962304972,200.0,180,0,0
296.4911967441011,2.4406397873517687,200.0,180,0,0
296.7252683728911,2.2408328148218937,200.0,180,0,0
297.08896697071106,2.192308868708878,200.0,180,0,0
297.49363842418785,1.8880385248297091,200.0,180,0,0
298.13333329683223,1.925188443469228,200.0,180,0,0
298.6393990939187,1.7818527316791708,200.0,180,0,0
299.1612898394536,1.8256022454308363,200.0,180,0,0
299.5666608015212,1.8087345989491534,200.0,180,0,0
299.7952051657082,1.8554756874082454,200.0,180,0,0
299.9762632171957,1.89668085176228,200.0,180,0,0
300.1969639112821,1.998321868791633,200.0,180,0,0
300.54897727542897,2.060208181931162,200.0,180,0,0
300.91816873579006,2.1289902258609454,200.0,180,0,0
301.2759616463268,2.3464444673720157,200.0,180,0,0
301.48385330605305,2.416441271940571,200.0,180,0,0
301.75119172864663,2.500700937740505,200.0,180,0,0
301.9647023918075,2.429265759878275,200.0,180,0,0
302.21119316492326,2.449868342055291,200.0,180,0,0
302.5802126149752,2.43593787801363,200.0,180,0,0
302.8417714911789,2.361069943719443,200.0,180,0,0
303.1243958965853,2.4903120146656175,200.0,180,0,0
303.4719828621082,2.490801545072285,200.0,180,0,0
303.8446718654235,2.528598127335432,200.0,180,0,0
304.34198807144753,2.5450850279452597,200.0,180,0,0
304.56964944938045,2.4816696877330466,200.0,180,0,0
304.8605647516914,2.506623651302685,200.0,180,0,0
305.15800497839894,2.5620856333028255,200.0,180,0,0
305.49438833911444,2.4937447710975738,200.0,180,0,0
305.80513069640176,2.5177921968770836,200.0,180,0,0
305.9848929368932,2.538630478879535,200.0,180,0,0
306.321872600014,2.57219050787014,200.0,180,0,0
306.56687261711653,2.6058411906397585,200.0,180,0,0
307.0619297544127,2.5962681515759884,200.0,180,0,0
307.40337021821927,2.531595745628126,200.0,180,0,0
307.520256957013,2.512431536744785,200.0,180,0,0
307.9641811630543,2.5192184830002216,200.0,180,0,0
308.0941292179949,2.457271734008018,200.0,180,0,0
308.57844144464167,2.2986155335647656,200.0,180,0,0
308.95617608369423,2.0822672681576546,200.0,180,0,0
309.3573499942168,1.9999173753022619,200.0,180,0,0
310.0568012482851,1.800285666745144,200.0,180,0,0
310.6314188872737,1.7059755186453058,200.0,180,0,0
311.13884929948,1.632443216695244,200.0,180,0,0
311.7087882580577,1.5521360556602777,200.0,180,0,0
312.03066541602874,1.6256623140250714,200.0,180,0,0
312.3084276633612,1.5594125323223855,200.0,180,0,0
312.6744656013866,1.6689827332227423,200.0,180,0,0
312.98236405489484,1.6122092932195475,200.0,180,0,0
313.26003456339566,1.6205010922065999,200.0,180,0,0
313.486950563322,1.6515167717995745,200.0,180,0,0
313.7156325357563,1.6862492563320814,200.0,180,0,0
313.9459658071591,1.674343393355043,200.0,180,0,0
314.13467258373015,1.6365770290182342,200.0,180,0,0
314.44332788259885,1.5976684270658636,200.0,180,0,0
314.71914067976013,1.54284706510408,200.0,180,0,0
314.9545425216081,1.5367793054954781,200.0,180,0,0
315.3310042843724,1.5790723151976673,200.0,180,0,0
315.6619865213782,1.6337365439424953,200.0,180,0,0
316.0452942944496,1.6630479324900254,200.0,180,0,0
316.3673434627299,1.3679336202911674,200.0,180,0,0
316.65133248325617,1.506355897258723,200.0,180,0,0
316.9481764075583,1.7004395945402466,200.0,180,0,0
317.12886750371956,1.7533632707280242,200.0,180,0,0
317.51623472008856,1.7988895985483442,200.0,180,0,0
317.7793646237831,1.864988290619341,200.0,180,0,0
318.0011203144328,1.93972930962291,200.0,180,0,0
318.2440676751786,2.0533668434083148,200.0,180,0,0
318.53890481253984,2.0969350496019556,200.0,180,0,0
319.00930713884753,2.077510966552105,200.0,180,0,0
319.38454189473936,1.9494353075625668,200.0,180,0,0
319.6402753551374,1.9872560641667827,200.0,180,0,0
319.9463963687836,1.9367619092565524,200.0,180,0,0
320.1587258944879,1.9432104147370093,200.0,180,0,0
320.4421300799628,1.779344643793146,200.0,180,0,0
320.69536365720006,1.6396229959930713,200.0,180,0,0
320.94974396983224,1.652532094124519,200.0,180,0,0
321.35173206248515,1.6057547441538211,200.0,180,0,0
321.8643686533839,1.607144768765353,200.0,180,0,0
322.2764136154493,1.5902892094542074,200.0,180,0,0
322.598818271702,1.6219334219150054,200.0,180,0,0
323.04723768049104,1.2292272948160408,200.0,180,0,0
323.34862267695667,1.2013301052211118,200.0,180,0,0
323.7234904775222,1.1224431867240154,200.0,180,0,0
323.9333659894815,1.0844713404881117,200.0,180,0,0
324.18426022651335,0.9299187344415146,200.0,180,0,0
324.6369110889093,1.2072226008569553,200.0,180,0,0
324.87922774518796,1.165346598538227,200.0,180,0,0
325.229865026861,1.1362467354750598,200.0,180,0,0
325.51855566250606,1.1368752683428833,200.0,180,0,0
325.7964899201477,1.0874206100986665,200.0,180,0,0
326.0284286211033,1.1036597237125256,200.0,180,0,0
326.2785430780667,1.097471092398574,200.0,180,0,0
326.53673055220963,0.997661281705281,200.0,180,0,0
326.8410970607018,1.0377786007111593,200.0,180,0,0
327.3331153492017,0.9819600471802324,200.0,180,0,0
327.74896747277796,0.8856857338684475,200.0,180,0,0
328.339868754373,0.8400083164164397,200.0,180,0,0
328.80301224563146,0.8494000479221855,200.0,180,0,0
329.06390601530615,0.8427279297868289,200.0,180,0,0
329.4421910873482,0.8022963443470397,200.0,180,0,0
329.618994750521,0.8323692246382797,200.0,180,0,0
329.8200289325863,0.818662373251516,200.0,180,0,0
329.9344845923429,0.8253042734605361,200.0,180,0,0
330.1474562898682,0.8228687085977195,200.0,180,0,0
330.4549189839264,0.7492578400391785,200.0,180,0,0
330.6154390044928,0.7424044143457976,200.0,180,0,0
330.9437493480288,0.7770099835876856,200.0,180,0,0
331.23163726889743,0.7765385839368175,200.0,180,0,0
331.5282633134746,0.7745442007985326,200.0,180,0,0
331.79445500067334,0.7650074232463666,200.0,180,0,0
332.0855537806475,0.7171543150980495,200.0,180,0,0
332.336321876786,0.6468855491924534,200.0,180,0,0
332.58988800728775,0.5791188275876165,200.0,180,0,0
332.85361421338774,0.5426639212538636,200.0,180,0,0
333.3096479451983,0.45170191939223825,200.0,180,0,0
333.73280477323954,0.4155189743955245,200.0,180,0,0
334.21020218545556,0.3074354954709802,200.0,180,0,0
334.6293110375531,0.1812514786701785,200.0,180,0,0
335.13738362158045,0.11772131033788158,200.0,180,0,0
335.6738264392756,0.04088316724647906,200.0,180,0,0
335.9279544701209,0.031092559113076942,200.0,180,0,0
336.48562335997406,0.047210801021584786,200.0,180,0,0
337.0794029474101,0.14154512346249182,200.0,180,0,0
337.67622138364226,0.12490108963571049,200.0,180,0,0
338.21472832504804,0.14073528303664395,200.0,180,0,0
338.7283855104482,0.14124898778438388,200.0,180,0,0
339.383492506799,0.10374249761407883,200.0,180,0,0
340.05591520761146,0.0964055850992962,200.0,180,0,0
340.582748382698,-0.008468750048187812,200.0,180,0,0
341.22135385671737,-0.04393855198333435,200.0,180,0,0
341.56287459200155,-0.019123590874846677,200.0,180,0,0
341.89009553691244,-0.11350626199789493,200.0,180,0,0
342.15467032720454,-0.10011972063030984,200.0,180,0,0
342.452110553912,-0.06013536050031992,200.0,180,0,0
342.898557577822,-0.06741183716242778,200.0,180,0,0
343.46522834052445,-0.09168891918210319,200.0,180,0,0
343.87494542973843,-0.2407116447089106,200.0,180,0,0
344.3056363093236,-0.34674634822775935,200.0,180,0,0
344.7240915222461,-0.37158548367731586,200.0,180,0,0
345.304614848518,-0.42599588184090775,200.0,180,0,0
345.88770686207425,-0.5440814943832167,200.0,180,0,0
346.4068110405998,-0.6607831258992614,200.0,180,0,0
346.8418480473313,-0.7007735296145207,200.0,180,0,0
347.19679705408885,-0.637261492038025,200.0,180,0,0
347.4095508718891,-0.5118570977367364,200.0,180,0,0
347.6791598305644,-0.479306347485808,200.0,180,0,0
347.87765972740715,-0.4274161243787763,200.0,180,0,0
348.144057826977,-0.3374090089894224,200.0,180,0,0
348.5190058990201,-0.23990784786832692,200.0,180,0,0
349.1927244108287,-0.24668875053849953,200.0,180,0,0
349.6348023728844,-0.16398832973758998,200.0,180,0,0
350.0952510359651,-0.19496170423369263,200.0,180,0,0
350.583725912095,-0.23211766645847912,200.0,180,0,0
350.97511816969984,-0.17536235721108545,200.0,180,0,0
351.52154905268384,-0.2077922357566625,200.0,180,0,0
352.175004750066,-0.20995583928243994,200.0,180,0,0
352.65927110729706,-0.20290901886049761,200.0,180,0,0
353.0804211483973,-0.2748155963735923,200.0,180,0,0
353.4664466843544,-0.22070133388811183,200.0,180,0,0
353.76111181140647,-0.0888665648621674,200.0,180,0,0
353.9976833233571,-0.05001839876246986,200.0,180,0,0
354.28217690745714,-0.055796066278231485,200.0,180,0,0
354.771993463999,-0.007797912083492425,200.0,180,0,0
355.11014279722247,0.06720902467184826,200.0,180,0,0
355.45047092769613,0.14800571611348415,200.0,180,0,0
355.6846342953176,0.10320461852527003,200.0,180,0,0
355.9576719928234,0.15313672000561926,200.0,180,0,0
356.26590299959616,0.21553673789288796,200.0,180,0,0
356.5579879720098,0.23329883499416565,200.0,180,0,0
356.93461027772946,0.1035491028855192,200.0,180,0,0
357.36194122260775,-0.06217809232074434,200.0,180,0,0
357.85235408155495,-0.2489490514285559,200.0,180,0,0
358.366481428467,-0.2893685496978115,200.0,180,0,0
358.81453388192966,-0.6431419005033332,200.0,180,0,0
359.31393714637227,-0.8389359324155709,200.0,180,0,0
359.62434695039514,-0.9530086043402376,200.0,180,0,0
359.9215463626697,-0.9928539620090767,200.0,180,0,0
360.2617942216657,-1.2415535393532888,200.0,180,0,0
360.72880221120465,-1.1961420396530524,200.0,180,0,0
361.39819753057486,-1.2812659381462415,200.0,180,0,0
361.8045317503741,-1.3281460290664893,200.0,180,0,0
362.47591092197734,-1.3950787359044061,200.0,180,0,0
363.1021316537326,-1.4580045457099482,200.0,180,0,0
364.0521675262762,-1.4675654976031849,200.0,180,0,0
364.91423732668346,-1.529391374890039,200.0,180,0,0
365.59105202405806,-1.6552913431832645,200.0,180,0,0
366.0516956321558,-1.7989654957483048,200.0,180,0,0
366.54510147048353,-1.9480788750541236,200.0,180,0,0
366.90369709579664,-1.911309702286458,200.0,180,0,0
367.44707766263036,-1.9051089838019695,200.0,180,0,0
367.68331662131646,-1.8651487980130486,200.0,180,0,0
368.1218167689404,-1.8728241513028143,200.0,180,0,0
368.3724816588933,-1.8340364210557933,200.0,180,0,0
368.65955539763166,-1.8096928595981756,200.0,180,0,0
369.07384796107095,-1.7207675459717087,200.0,180,0,0
369.60022244199956,-1.6948828702708676,200.0,180,0,0
370.0733195964851,-1.6981887114122085,200.0,180,0,0
370.59310034889353,-1.7061541567948146,200.0,180,0,0
370.9781855618269,-1.770276596483331,200.0,180,0,0
371.51107349979804,-1.8575097062348869,200.0,180,0,0
371.8176417402483,-1.9552465671814172,200.0,180,0,0
372.214813544243,-1.868460682739657,200.0,180,0,0
372.68910330353907,-1.743563949600839,200.0,180,0,0
373.32431444078975,-1.712028521674857,200.0,180,0,0
373.74880148188896,-1.6061267770318914,200.0,180,0,0
374.3378106500825,-1.6493807167916197,200.0,180,0,0
375.19486921681437,-1.7288659502302013,200.0,180,0,0
376.3598377044084,-1.9189064889677463,200.0,180,0,0
376.99534699286176,-1.891099953151832,200.0,180,0,0
377.6219346799434,-1.6303434231988938,200.0,180,0,0
378.187045882509,-1.5395445981394913,200.0,180,0,0
379.0056200093908,-1.396214929934702,200.0,180,0,0
379.6864138785854,-1.3531483413182672,200.0,180,0,0
380.3075889746036,-1.4075345651407885,200.0,180,0,0
380.8719089297467,-1.349129357115359,200.0,180,0,0
381.4361486134122,-1.4133182762418177,200.0,180,0,0
382.17535718361876,-1.4333164998920795,200.0,180,0,0
382.9019172624205,-1.345333985567349,200.0,180,0,0
383.3683977536779,-1.32813998548122,200.0,180,0,0
383.83384618307997,-1.2487695801627219,200.0,180,0,0
384.2290800042574,-1.2140794007270868,200.0,180,0,0
384.92446034767414,-0.9890525468757988,200.0,180,0,0
385.6703887872943,-0.8501165651605049,200.0,180,0,0
386.16866825105,-0.8474876055691287,200.0,180,0,0
386.882350491368,-0.7251533525837444,200.0,180,0,0
387.70144064917747,-0.6435407771309912,200.0,180,0,0
388.7396948756443,-0.6434561669372458,200.0,180,0,0
389.3196677689267,-0.8461640603955392,200.0,180,0,0
389.7849212533116,-0.8965796486972901,200.0,180,0,0
390.0654356655916,-0.9614394057884459,200.0,180,0,0
390.55199549361225,-1.0725325901762197,200.0,180,0,0
390.993396881785,-0.9212193458330193,200.0,180,0,0
391.5777503042755,-0.9347751075880935,200.0,180,0,0
391.8029232664017,-1.0572544066198981,200.0,180,0,0
392.04561834536065,-1.082504505867648,200.0,180,0,0
392.2861116923616,-1.1137498417007896,200.0,180,0,0
392.4965605720183,-1.3145540057998075,200.0,180,0,0
392.74482878499606,-1.333784694121095,200.0,180,0,0
392.88954679182194,-1.3753403864206464,200.0,180,0,0
393.17152902540727,-1.423090753619417,200.0,180,0,0
393.43479653734926,-1.4975598112859454,200.0,180,0,0
393.9880275612245,-1.5730381476921542,200.0,180,0,0
394.52749776036194,-1.644497499895455,200.0,180,0,0
394.8425289080259,-1.6929126614736514,200.0,180,0,0
395.1820084543074,-1.8248259971080754,200.0,180,0,0
395.6387302273549,-1.9648558677567933,200.0,180,0,0
395.82622146440735,-2.0024046630239685,200.0,180,0,0
396.0502247564308,-2.1326318383687504,200.0,180,0,0
396.3836495398276,-2.375843840290042,200.0,180,0,0
396.74147685242616,-2.5250720477159447,200.0,180,0,0
397.1132025980099,-2.2418696420793918,200.0,180,0,0
397.5040558899791,-2.403003712482332,200.0,180,0,0
397.55345725078786,-2.7235675622427666,200.0,180,0,0
397.63895784182534,-3.0441676735148078,200.0,180,0,0
397.8521588864296,-3.397451493913661,200.0,180,0,0
398.2639515667082,-3.8592055826941802,200.0,180,0,0
398.5477915116332,-4.3126134802202385,200.0,180,0,0
398.79335342907916,-4.696586626607619,200.0,180,0,0
398.94598391012926,-4.839438851576275,200.0,180,0,0
399.129209291513,-5.057388667079283,200.0,180,0,0
399.43187863162086,-5.222541721685132,200.0,180,0,0
399.5203836693928,-5.31690021846711,200.0,180,0,0
399.6423963154013,-5.405468960562792,200.0,180,0,0
399.692898542189,-5.469700184786123,200.0,180,0,0
399.8069757792653,-5.553065399966459,200.0,180,0,0
399.8706883978013,-5.632127582436314,200.0,180,0,0
399.8805273874889,-5.7162965944572335,200.0,180,0,0
399.7337223222445,-5.852422309023125,200.0,180,0,0
399.7097784872007,-5.945584175922131,200.0,180,0,0
399.74725379990326,-6.136041722043137,200.0,180,0,0
399.64673097519363,-6.349344020475413,200.0,180,0,0
399.6181772638627,-6.463144731063042,200.0,180,0,0
399.73713959372105,-6.718474121445737,200.0,180,0,0
399.77509653528944,-6.879898283941517,200.0,180,0,0
399.9757293599665,-7.297812205191359,200.0,180,0,0
400.18305911934937,-7.65382168254587,200.0,180,0,0
400.3447029406027,-8.219567743024815,200.0,180,0,0
400.20986979288017,-8.701906283226547,200.0,180,0,0
400.33837296122334,-9.336247036491978,200.0,180,0,0
400.28631117429865,-10.379732468784065,200.0,180,0,0
400.24255175163245,-10.898538002490085,200.0,180,0,0
400.06744525684394,-11.038960706181193,200.0,180,0,0
399.9499507482911,-11.234748694508163,200.0,180,0,0
399.9147459716702,-11.431691007621229,200.0,180,0,0
399.8795641297572,-11.778181838179377,200.0,180,0,0
399.80899403356017,-11.928830288143148,200.0,180,0,0
399.7130810851378,-12.182407038798258,200.0,180,0,0
399.6534967140231,-12.438177610905482,200.0,180,0,0
399.4771746797161,-12.782813060786498,200.0,180,0,0
399.40722382063234,-13.033682285241753,200.0,180,0,0
399.33713535330116,-13.250133291598413,200.0,180,0,0
399.2271863636461,-13.287150251362046,200.0,180,0,0
399.13088352518946,-13.314745261693599,200.0,180,0,0
399.0200171472186,-13.375410770609086,200.0,180,0,0
398.91275151838744,-13.43133206508956,200.0,180,0,0
398.8432822881695,-13.441745162505518,200.0,180,0,0
398.7371175253174,-13.553781146195027,200.0,180,0,0
398.5435027212566,-13.639346226412746,200.0,180,0,0
398.38495508556923,-14.04473783898826,200.0,180,0,0
398.1511357385662,-14.473149467847806,200.0,180,0,0
397.88137770428955,-14.86461061638166,200.0,180,0,0
397.53474252914447,-15.245634493158487,200.0,180,0,0
397.2898457182274,-16.264033003005046,200.0,180,0,0
396.7520268180585,-16.9166858196311,200.0,180,0,0
396.4408945707369,-17.256746275464593,200.0,180,0,0
395.96990740937787,-17.52774063886073,200.0,180,0,0
395.68113650225524,-17.69173936868048,200.0,180,0,0
395.4129150934076,-17.76150651700887,200.0,180,0,0
395.2476934577225,-17.845887054514154,200.0,180,0,0
395.01596116913794,-17.981535325843907,200.0,180,0,0
394.7074893479323,-18.069463447901235,200.0,180,0,0
394.25014833777163,-18.273325666145624,200.0,180,0,0
393.81890702519695,-18.11462111702023,200.0,180,0,0
393.413169107803,-18.19585294660113,200.0,180,0,0
393.06043330035743,-18.256512411931354,200.0,180,0,0
392.69941806336135,-18.31323750325241,200.0,180,0,0
392.47385521120094,-18.40077279226734,200.0,180,0,0
392.199533170053,-18.44808802132685,200.0,180,0,0
391.97153923885554,-18.541793810899936,200.0,180,0,0
391.6735944485743,-18.640243814908033,200.0,180,0,0
391.1402478164452,-18.866273903913733,200.0,180,0,0
390.5452526894907,-19.071659105645537,200.0,180,0,0
390.4297993699406,-19.182135844336027,200.0,180,0,0
390.0803661604321,-19.44024528394178,200.0,180,0,0
389.9222542841948,-19.596133522332504,200.0,180,0,0
389.78797156946183,-19.734996981024594,200.0,180,0,0
389.71412181003564,-19.787624521534262,200.0,180,0,0
389.2798989854344,-19.82359594104661,200.0,180,0,0
389.0790368136784,-19.88550642852721,200.0,180,0,0
388.8157463670285,-20.10873833755404,200.0,180,0,0
388.6201591780886,-20.27589786246871,200.0,180,0,0
388.2641895768297,-20.4087660845754,200.0,180,0,0
387.8127657213062,-20.494736085006043,200.0,180,0,0
387.4981244636765,-20.60019664792448,200.0,180,0,0
387.095597405388,-20.730701828191567,200.0,180,0,0
386.7794424570371,-21.069160733929163,200.0,180,0,0
386.62018384540505,-21.297360470045906,200.0,180,0,0
386.26439772180925,-21.24084086062395,200.0,180,0,0
385.9022586841262,-21.25689262309451,200.0,180,0,0
385.61683624435636,-21.32218751832493,200.0,180,0,0
385.391502739275,-21.48251779188729,200.0,180,0,0
385.18415004518425,-21.830048119111453,200.0,180,0,0
384.9502389593496,-21.969485718403952,200.0,180,0,0
384.6797240797124,-22.32165147552831,200.0,180,0,0
384.5572756742539,-22.657100675802678,200.0,180,0,0
384.22410317264394,-22.71797166661726,200.0,180,0,0
383.91203060229856,-23.009447740485065,200.0,180,0,0
383.6694845989409,-23.23793152510938,200.0,180,0,0
383.292495337895,-23.444918276937088,200.0,180,0,0
383.0549605682128,-23.597561110039145,200.0,180,0,0
382.72527414220303,-23.734309313887593,200.0,180,0,0
382.34216131414877,-23.789777339472998,200.0,180,0,0
382.0887098571865,-23.93151754475243,200.0,180,0,0
381.9235684929789,-23.975539019841133,200.0,180,0,0
381.5010309020509,-24.009213876951822,200.0,180,0,0
381.29571939696297,-24.06402315174307,200.0,180,0,0
381.04911395030774,-24.0842691623893,200.0,180,0,0
380.79402266173076,-24.085737753609312,200.0,180,0,0
380.58844740750203,-24.097921621508657,200.0,180,0,0
380.5103088576992,-23.82014031185708,200.0,180,0,0
380.3722763182252,-23.843939950640625,200.0,180,0,0
380.1293748268951,-23.871232781708798,200.0,180,0,0
379.8741459300708,-23.84032588665064,200.0,180,0,0
379.59725520163846,-24.14717079785378,200.0,180,0,0
379.31935534605867,-23.9743544771287,200.0,180,0,0
379.0310890025097,-24.267069485976343,200.0,180,0,0
378.7669843737295,-24.35406689590247,200.0,180,0,0
378.70336349402504,-24.405679114087192,200.0,180,0,0
378.3430707003277,-24.417862981986538,200.0,180,0,0
378.1530566454066,-24.546283125336327,200.0,180,0,0
377.8985960612968,-24.48990856196079,200.0,180,0,0
377.43728734667,-24.501040846023578,200.0,180,0,0
377.2023441989801,-24.28388878377589,200.0,180,0,0
376.9250291784516,-24.38213330588489,200.0,180,0,0
376.3977258418532,-24.435208071704356,200.0,180,0,0
375.8082350447938,-24.51587784785537,200.0,180,0,0
375.455556574118,-24.48522478337845,200.0,180,0,0
375.2016120209359,-24.498230578874182,200.0,180,0,0
374.8758244952685,-24.518319456303452,200.0,180,0,0
374.7758291688406,-24.544391483147585,200.0,180,0,0
374.73592277710094,-24.59728494140903,200.0,180,0,0
374.66399953313805,-24.649694912849068,200.0,180,0,0
374.5685452788735,-24.6685448552985,200.0,180,0,0
374.4489293098402,-24.725553995127132,200.0,180,0,0
374.1774167704095,-24.81190474142963,200.0,180,0,0
373.7939828564447,-24.918876200664943,200.0,180,0,0
373.1175809838123,-24.99790212162319,200.0,180,0,0
372.635367282938,-25.076795083705555,200.0,180,0,0
371.96568527971914,-25.099355787509257,200.0,180,0,0
371.3521474414305,-25.248880130613266,200.0,180,0,0
370.7774380636103,-25.339836088889623,200.0,180,0,0
370.107400572419,-25.353059453454982,200.0,180,0,0
369.7959701738948,-25.35255179229251,200.0,180,0,0
369.50015831144793,-25.262393587271468,200.0,180,0,0
369.29515642491657,-25.209016642188622,200.0,180,0,0
369.1151304352843,-25.171570587870992,200.0,180,0,0
368.93203119479404,-25.189048636464697,200.0,180,0,0
368.84952358313694,-25.19989082843465,200.0,180,0,0
368.7435881673638,-25.249581186504297,200.0,180,0,0
368.65745687185915,-25.268153124031425,200.0,180,0,0
368.57212829113087,-25.280403471368714,200.0,180,0,0
368.4614339234692,-25.251811269468018,200.0,180,0,0
368.3822174423953,-25.243809562573805,200.0,180,0,0
368.11474141155435,-25.28904579830128,200.0,180,0,0
367.9223880164279,-25.294158671437614,200.0,180,0,0
367.6353142776895,-25.39589638583125,200.0,180,0,0
367.2910643121656,-25.47827045302771,200.0,180,0,0
366.7374204635482,-25.687886164446798,200.0,180,0,0
366.3870928004318,-25.753779374618695,200.0,180,0,0
365.67980934361685,-25.896800819974843,200.0,180,0,0
365.0741954469064,-25.86209855336867,200.0,180,0,0
364.4147652581172,-25.88157098510066,200.0,180,0,0
363.8527158390558,-25.939927844443947,200.0,180,0,0
363.31005771552077,-26.056508604254645,200.0,180,0,0
362.90227860912404,-26.020917930614146,200.0,180,0,0
362.63281872605006,-26.048942035499692,200.0,180,0,0
362.5041779494596,-26.15889902585717,200.0,180,0,0
362.4016368704551,-26.175071660033083,200.0,180,0,0
362.40456104571183,-26.157206821982264,200.0,180,0,0
362.4010635027576,-26.141904464084867,200.0,180,0,0
362.3918552175372,-26.140556744570212,200.0,180,0,0
362.40949200790953,-26.141698982185776,200.0,180,0,0
362.4037468635815,-26.143645016641916,200.0,180,0,0
362.40923972612273,-26.139656250365352,200.0,180,0,0
362.4097786917583,-26.12144088436901,200.0,180,0,0
362.38396567802096,-26.05218139720309,200.0,180,0,0
362.36097363335483,-25.99470690130886,200.0,180,0,0
362.335722519961,-25.985750307942382,200.0,180,0,0
362.30925586704865,-25.993770145592393,200.0,180,0,0
362.31239792203047,-25.993147656309834,200.0,180,0,0
362.3134414512397,-25.982245028487206,200.0,180,0,0
362.30799445811436,-25.99302678460449,200.0,180,0,0
362.31005858182505,-25.99833305246938,200.0,180,0,0
362.0900688636834,-26.021534376311433,200.0,180,0,0
361.83236301840634,-26.17465465264963,200.0,180,0,0
361.2813451938431,-26.205174758250667,200.0,180,0,0
360.6177294208628,-26.575936627243223,200.0,180,0,0
360.03781386435014,-26.71725378155392,200.0,180,0,0
359.1559972804442,-26.72986070042199,200.0,180,0,0
358.20311750412145,-26.594847005545326,200.0,180,0,0
357.0948894838629,-26.464365999619307,200.0,180,0,0
356.4529355424907,-26.401210533573604,200.0,180,0,0
355.79318426779093,-26.41871880009364,200.0,180,0,0
354.9139822405852,-26.362374454644442,200.0,180,0,0
354.0497107082199,-26.65785742554462,200.0,180,0,0
352.95353487696093,-26.811932588355077,200.0,180,0,0
351.6088156162294,-26.742721449871304,200.0,180,0,0
350.4842580839487,-26.615685287547777,200.0,180,0,0
349.3416165344917,-26.532392595390654,200.0,180,0,0
348.1655361809219,-26.691314713585676,200.0,180,0,0
346.8684408411371,-26.58909351237064,200.0,180,0,0
345.8819273156843,-26.538641662557282,200.0,180,0,0
345.1560667454734,-26.57425046695358,200.0,180,0,0
344.70775054287,-26.520873521870733,200.0,180,0,0
344.3151656804546,-26.590580234346454,200.0,180,0,0
344.0723100585403,-26.699268071797746,200.0,180,0,0
343.7464881308111,-26.685404087194026,200.0,180,0,0
343.37324869450623,-26.70330518675646,200.0,180,0,0
342.9539907668074,-26.818308570812327,200.0,180,0,0
342.5508215366978,-26.96062896027744,200.0,180,0,0
342.3068650488046,-26.960284475917188,200.0,180,0,0
341.89928088742494,-27.035079887188168,200.0,180,0,0
341.2850779426073,-27.10336031354074,200.0,180,0,0
341.0525429392464,-27.172776933923615,200.0,180,0,0
340.59108514901834,-27.21974163503761,200.0,180,0,0
340.10114245158303,-27.163367071662066,200.0,180,0,0
339.71729571287614,-27.08755029448088,200.0,180,0,0
339.3177386992602,-27.051343175143092,200.0,180,0,0
339.08835721823505,-26.96209755149745,200.0,180,0,0
338.76863592280625,-26.9955367087827,200.0,180,0,0
338.5061252562249,-26.964684205991947,200.0,180,0,0
338.25960008104727,-26.911506699222937,200.0,180,0,0
338.1489630501554,-26.78791538050191,200.0,180,0,0
337.9673545656783,-26.75262084253952,200.0,180,0,0
337.74157383379287,-26.710315745666797,200.0,180,0,0
337.55178912595073,-26.793396912339563,200.0,180,0,0
337.19868636317887,-26.832438473167816,200.0,180,0,0
336.91388316052223,-26.802148023806946,200.0,180,0,0
336.6937328994254,-26.728168496547084,200.0,180,0,0
336.30651475865767,-26.95856809770121,200.0,180,0,0
336.0030771058353,-26.90668391817945,200.0,180,0,0
335.69559147706923,-26.868802725722556,200.0,180,0,0
335.2517819445673,-26.803592440685886,200.0,180,0,0
335.1262373535429,-26.866300681421798,200.0,180,0,0
334.9646852711211,-26.91056994350647,200.0,180,0,0
334.85702975225576,-26.913603823310776,200.0,180,0,0
334.7415305632898,-27.009279821681073,200.0,180,0,0
334.5926843090427,-26.991644639870415,200.0,180,0,0
334.4278640307457,-27.043456296368966,200.0,180,0,0
334.2726075256415,-27.019142952837687,200.0,180,0,0
334.0617802233045,-27.026183729674358,200.0,180,0,0
333.92972217523743,-27.10508273534199,200.0,180,0,0
333.676511532708,-27.210736692988984,200.0,180,0,0
333.5153264056126,-27.232783692044947,200.0,180,0,0
333.2812089074069,-27.167367925109176,200.0,180,0,0
333.0762299555834,-27.08961115705711,200.0,180,0,0
332.8489814023926,-27.07878105225769,200.0,180,0,0
332.72292078044046,-27.034747489998455,200.0,180,0,0
332.5502568320429,-26.964218849926358,200.0,180,0,0
332.3893239867344,-27.02368772895887,200.0,180,0,0
332.2735954506895,-26.977720219414017,200.0,180,0,0
332.202245574424,-26.944722243853295,200.0,180,0,0
332.16235065003843,-26.88752575288137,200.0,180,0,0
332.0470234713817,-26.86627046349546,200.0,180,0,0
331.8618945092425,-26.850055524222675,200.0,180,0,0
331.7118327154768,-26.81999473110197,200.0,180,0,0
331.5306255883879,-26.79316121251413,200.0,180,0,0
331.31265412454127,-26.79424301427701,200.0,180,0,0
331.11906225518834,-26.847474913313434,200.0,180,0,0
330.854326921941,-26.888982256930845,200.0,180,0,0
330.56063651997454,-27.050895949833293,200.0,180,0,0
330.1828560115062,-26.961583846749708,200.0,180,0,0
329.6843472006716,-26.740618282198202,200.0,180,0,0
329.0885722936486,-26.66963032964577,200.0,180,0,0
328.58919196391395,-26.591365900431228,200.0,180,0,0
328.1939008059668,-26.441678380524998,200.0,180,0,0
327.82027147962765,-26.477389925870842,200.0,180,0,0
327.5224872323018,-26.464492914909933,200.0,180,0,0
327.1785812873963,-26.401391841131627,200.0,180,0,0
326.89031494384733,-26.39330552404367,200.0,180,0,0
326.5680822979039,-26.37726584874364,200.0,180,0,0
326.39891589246054,-26.40684919862821,200.0,180,0,0
326.21007150764217,-26.453366674432406,200.0,180,0,0
326.0180621331341,-26.51307729687562,200.0,180,0,0
325.68553180334527,-26.64613891371087,200.0,180,0,0
325.4288924219854,-26.83810131256349,200.0,180,0,0
325.06572132244696,-26.84039787496516,200.0,180,0,0
324.8983438242196,-26.9471034164487,200.0,180,0,0
324.7084559101919,-26.994340078899732,200.0,180,0,0
324.36315094810476,-27.154942313799125,200.0,180,0,0
324.2831661543163,-27.147109827292404,200.0,180,0,0
324.08706293444874,-27.112395473515704,200.0,180,0,0
323.87683193451704,-27.060553599090813,200.0,180,0,0
323.68626744660645,-27.063962181181697,200.0,180,0,0
323.4751993298365,-27.103124613715305,200.0,180,0,0
323.250989625442,-27.171102860804506,200.0,180,0,0
323.0755391100351,-27.229641027705828,200.0,180,0,0
322.7895433025679,-27.233424312083304,200.0,180,0,0
322.4927567150354,-27.25275169776887,200.0,180,0,0
322.2666204951776,-27.26178081415856,200.0,180,0,0
322.11829027185814,-27.205394163612485,200.0,180,0,0
321.94827528222265,-27.153068802366196,200.0,180,0,0
321.75881166029103,-27.13136024408522,200.0,180,0,0
321.68070751255004,-27.16085294019078,200.0,180,0,0
321.5532708081241,-27.165180147242328,200.0,180,0,0
321.47827431330313,-27.12217399447857,200.0,180,0,0
321.4047685744954,-27.0478983315406,200.0,180,0,0
321.3727631896261,-27.03431839544446,200.0,180,0,0
321.45144070506444,-26.778173121050646,200.0,180,0,0
321.5071032411288,-26.714334729869705,200.0,180,0,0
